id,brand_name,product_name,release_year,source_url
83001,Jones Road,En Route,2026,
84001,Junaid Jamshed,Ziya Platinum,2019,
86001,Khadlaj Perfumes,Biscotti Melon Misk,2025,
87001,Kleins Perfumery,Lolly Legs,2010,
88001,L'Amande,Legni & Spezie,2023,
89001,L'Occitane en Provence,Marvellous Flowers,2012,
91001,Lancetti,Lancetti Femme,,
92001,Lattafa Perfumes,Niche Emarati Mughal Fort,2024,
93001,LC Waikiki,Light Rose Flower (Eau de Parfum),,
94001,Le Prince Jardinier,L'Eau de Prince Jardinier,,
96001,LM Parfums,Ultimate Seduction Extreme Oud,2018,
97001,Lorenzo Villoresi,Iperborea,2010,
98001,Lou•pre,Classic 103,,
99001,Lubin,Jasminia,1900,
101001,Magister Collection,Paramela,2023,
102001,MAISON ASRAR,Timeless,2024,
103001,Maison Violet,Ambre Royal,,
104001,Mansfield,Antonio de Curtis Novecento,,
106001,Mast Perfume,Elixir,2025,
107001,Melange Perfume,Roll-On Perfume No. 2,,
108001,Mi6ka,Wood Man,2015,
109001,Milton Lloyd,Essentials N°10,2020,
111001,Monotheme Venezia,Gelsomino dell'India,2012,
112001,MPF,L'Éternité,2025,
113001,Mykonos,Reflection,,
114001,Nasamat Najd,Ginger,2024,
116001,Nicolaï,Poudre de Musc Intense Nicolaï / Parfums de Nicolaï Eau de Parfum,,
117001,NIVIRU,Kvartal,2025,
118001,Noventa Grados,For Women,2023,
119001,O Boticário,Make B. Gold,2021,
121001,One Seed,Slow Fire,2009,
122001,Oriflame,Volare Magnolia,2010,
123001,Otto Kern,Signature Man Eau de Parfum,2022,
