brand,product_name,product_type,volume_or_variant,current_price_try,source_url,verification_status,catalog_complete
English Home,Sugar Plum Body Mist,Body Mist,135 ml,279.99,https://www.englishhome.com/c-kisisel-bakim/body-mist,official_current,no
English Home,Golden Musk Body Mist,Body Mist,135 ml,259.99,https://www.englishhome.com/c-kisisel-bakim/body-mist,official_current,no
English Home,Vanilla Coco Bloom Body Mist,Body Mist,135 ml,279.99,https://www.englishhome.com/c-kisisel-bakim/body-mist,official_current,no
English Home,Aura Solaire Parfüm Seti,Perfume Set,100 ml + 20 ml,889.99,https://www.englishhome.com/c-kisisel-bakim/body-mist,official_current,no
English Home,Noble Nuit Parfüm Seti,Perfume Set,100 ml + 20 ml,889.99,https://www.englishhome.com/c-kisisel-bakim/body-mist,official_current,no
English Home,Pure Desir Parfüm Seti,Perfume Set,100 ml + 20 ml,889.99,https://www.englishhome.com/c-kisisel-bakim/body-mist,official_current,no
English Home,Sweet Séduction Kadın Parfümü,Perfume,100 ml,299.99,https://www.englishhome.com/c-kisisel-bakim/body-mist,official_current,no
English Home,Beyaz Çiçekler Body Mist,Body Mist,150 ml,299.99,https://www.englishhome.com/c-kisisel-bakim/body-mist,official_current,no
English Home,Golden Ḿuse Kadın Parfümü,Perfume,100 ml,439.99,https://www.englishhome.com/c-kisisel-bakim/body-mist,official_current,no
English Home,Wild Berry Body Mist,Body Mist,100 ml,279.99,https://www.englishhome.com/c-kisisel-bakim/body-mist,official_current,no
İpekyol,FEMME 1986 Eau de Parfum,Perfume,100 ml,,https://www.ipekyol.com.tr/kozmetik-urunleri,official_current_family,yes_family_names_sizes_pending
İpekyol,Amalfi Flora,Perfume,,,https://www.ipekyol.com.tr/kozmetik-urunleri,official_current_family,yes_family_names_sizes_pending
İpekyol,Mystical Oud,Perfume,,,https://www.ipekyol.com.tr/kozmetik-urunleri,official_current_family,yes_family_names_sizes_pending
İpekyol,Velvet Rose,Perfume,,,https://www.ipekyol.com.tr/kozmetik-urunleri,official_current_family,yes_family_names_sizes_pending
İpekyol,Tropical Lily,Perfume,,,https://www.ipekyol.com.tr/kozmetik-urunleri,official_current_family,yes_family_names_sizes_pending
Lufian,Sılas Erkek Parfüm,Perfume,Standard,1299.99,https://www.lufian.com/parfum,official_current,yes
Lufian,Southern Breeze Erkek Parfüm,Perfume,Standard,1299.99,https://www.lufian.com/parfum,official_current,yes
Lufian,Eastern Enigma Erkek Parfüm,Perfume,Standard,1299.99,https://www.lufian.com/parfum,official_current,yes
Lufian,North Star Erkek Parfüm,Perfume,Standard,1299.99,https://www.lufian.com/parfum,official_current,yes
Lufian,Evander Erkek Parfüm,Perfume,Standard,1299.99,https://www.lufian.com/parfum,official_current,yes
Lufian,Westward Erkek Parfüm,Perfume,Standard,1299.99,https://www.lufian.com/parfum,official_current,yes
Setre,Rosé Velours,Perfume,100 ml,,https://www.setre.com/parfum,official_current,no
Setre,Pink Aura Amia&Co.,Perfume,,,https://www.setre.com/parfum,official_current,no
Setre,Maison Elegance,Perfume,,,https://www.setre.com/parfum,official_current,no
Setre,Ivory Dream,Perfume,100 ml,,https://www.setre.com/parfum,official_current,no
Setre,Litchi Bloom,Perfume,100 ml,,https://www.setre.com/parfum,official_current,no
Setre,Rose De Soir,Perfume,100 ml,,https://www.setre.com/parfum,official_current,no
Setre,Sandara Icon,Perfume,,,https://www.setre.com/parfum,official_current,no
SETRMS,Lâsif,Perfume,,,https://www.setrms.com/kadin-parfum,official_current,no
SETRMS,Şima,Perfume,,,https://www.setrms.com/kadin-parfum,official_current,no
SETRMS,Asmin Kadın Parfüm,Perfume,100 ml,1999.9,https://www.setrms.com/renk-yok-bayan-parfum-asmin-9001,official_current,no
W Collection,W Collection For Her Eau de Parfum,Perfume,100 ml,,https://www.wcollection.com.tr/kadin/parfum-c-1020303,official_current,no
W Collection,W Collection For Men EDP Erkek Parfüm,Perfume,100 ml,3850,https://www.wcollection.com.tr/parfum/w-collection-for-men-edp-erkek-parfum-p-M400240934-100ML,official_current,no
TWN,Verdelune Eau de Parfum,Perfume,100 ml,1999,https://www.dsdamat.com/erkek-parfum-modelleri/,official_current,no
TWN,Emperor Eau de Parfum,Perfume,100 ml,1999,https://www.dsdamat.com/erkek-parfum-modelleri/,official_current,no
TWN,No:1 Parfüm,Perfume,100 ml,1999,https://www.dsdamat.com/twn-standart-no-1-100-ml-parfum-6ef691261no1m/,official_current,no
Tudors,Dark Royal,Perfume EDP,100 ml,468.74,https://www.tudors.com/parfum,official_current,no
Tudors,Valarous,Perfume EDP,100 ml,399.99,https://www.tudors.com/parfum,official_current,no
Tudors,Courage,Perfume EDP,100 ml,522.49,https://www.tudors.com/parfum,official_current,no
Tudors,Narcotic,Perfume,100 ml,497.49,https://www.tudors.com/parfum,official_current,no
Tudors,Urban Hero,Perfume EDP,100 ml,499.99,https://www.tudors.com/parfum,official_current,no
Tudors,Night Life,Perfume EDP,100 ml,512.49,https://www.tudors.com/parfum,official_current,no
Tudors,The Gentle,Perfume EDP,100 ml,499.99,https://www.tudors.com/parfum,official_current,no
Tudors,Supreme,Perfume,100 ml,518.74,https://www.tudors.com/parfum,official_current,no
Tudors,Broadway,Perfume EDC,100 ml,462.49,https://www.tudors.com/parfum,official_current,no
Tudors,Intense Aquatic,Perfume EDC,100 ml,499.99,https://www.tudors.com/parfum,official_current,no
Tudors,Night,Perfume EDC,100 ml,503.74,https://www.tudors.com/parfum,official_current,no
Tudors,Dark Brave,Perfume EDP,100 ml,474.99,https://www.tudors.com/parfum,official_current,no
Tudors,The Spirit,Perfume EDP,100 ml,499.99,https://www.tudors.com/parfum,official_current,no
Tudors,Iconic,Perfume,100 ml,499.99,https://www.tudors.com/parfum,official_current,no
Tudors,Milano,Perfume EDC,100 ml,512.49,https://www.tudors.com/parfum,official_current,no
Tudors,Kirke,Perfume,100 ml,437.49,https://www.tudors.com/parfum,official_current,no
Tudors,Diamond Girl,Perfume,100 ml,437.49,https://www.tudors.com/kadin-parfum,official_current,no
Tudors,Mystic Fantasy,Perfume,100 ml,437.49,https://www.tudors.com/kadin-parfum,official_current,no
Tudors,Sweet Love,Perfume,100 ml,449.99,https://www.tudors.com/kadin-parfum,official_current,no
Tudors,Golden Allure,Perfume,55 ml,343.74,https://www.tudors.com/kadin-parfum,official_current,no
Tudors,Secret Way,Perfume,55 ml,343.74,https://www.tudors.com/kadin-parfum,official_current,no
Tudors,Floral Haven,Perfume,100 ml,449.99,https://www.tudors.com/kadin-parfum,official_current,no
Tudors,Spring Aura,Perfume,100 ml,449.99,https://www.tudors.com/kadin-parfum,official_current,no
Tudors,Rouge,Perfume,100 ml,387.49,https://www.tudors.com/kadin-parfum,official_current,no
Tudors,Blush,Perfume,100 ml,387.49,https://www.tudors.com/kadin-parfum,official_current,no
Tudors,With You,Perfume EDP,100 ml,449.99,https://www.tudors.com/with-you-100-ml-bergamot-ozel-seri-uzun-sure-kalici-erkek-parfum-41674,official_current,no
Tudors,Eternal,Perfume EDP,100 ml,399.99,https://www.tudors.com/parfum,official_current,no
