id,source_url
108001,https://www.fragrantica.com/perfume/Mi6ka/Wood-Man-52589.html
108002,https://www.fragrantica.com/perfume/Mia-Morage/Moon-114963.html
108003,https://www.fragrantica.com/perfume/Mia-Morage/Sun-114964.html
108004,https://www.fragrantica.com/perfume/Mia-Pangea/And-More-83224.html
108005,https://www.fragrantica.com/perfume/Mia-Pangea/Evlia-83225.html
108006,https://www.fragrantica.com/perfume/Mia-Pangea/Gaia-83226.html
108007,https://www.fragrantica.com/perfume/Mia-Pangea/Sunshine-y-83227.html
108008,https://www.fragrantica.com/perfume/Mia-Pangea/Woo-Me-83228.html
108009,https://www.fragrantica.com/perfume/MICA/June-Monsoon-83154.html
108010,https://www.fragrantica.com/perfume/MICA/Saguaro-Bloom-83153.html
108011,https://www.fragrantica.com/perfume/MICA/Tonto-Smoke-83155.html
108012,https://www.fragrantica.com/perfume/Micaelangelo/Atlantide-16097.html
108013,https://www.fragrantica.com/perfume/Micaelangelo/Aurora-Acqua-16096.html
108014,https://www.fragrantica.com/perfume/Micaelangelo/Aurora-Aria-16098.html
108015,https://www.fragrantica.com/perfume/Micaelangelo/Aurora-Fuoco-16093.html
108016,https://www.fragrantica.com/perfume/Micaelangelo/Aurora-Terra-16094.html
108017,https://www.fragrantica.com/perfume/Micaelangelo/Bellagio-16091.html
108018,https://www.fragrantica.com/perfume/Micaelangelo/Bellagio-Glamour-25156.html
108019,https://www.fragrantica.com/perfume/Micaelangelo/Bellagio-Uomo-16092.html
108020,https://www.fragrantica.com/perfume/Micaelangelo/Sibilla-25155.html
108021,https://www.fragrantica.com/perfume/Micaelangelo/Sibilla-Oro-16095.html
108022,https://www.fragrantica.com/perfume/Micagem/Humana-Man-12788.html
108023,https://www.fragrantica.com/perfume/Micagem/Humana-Woman-12789.html
108024,https://www.fragrantica.com/perfume/Michael-Bolton/Time-Love-Tenderness-53601.html
108025,https://www.fragrantica.com/perfume/Michael-Buble/By-Invitation-40741.html
108026,https://www.fragrantica.com/perfume/Michael-Buble/By-Invitation-Peony-Noir-51922.html
108027,https://www.fragrantica.com/perfume/Michael-Buble/By-Invitation-Rose-Gold-50098.html
108028,https://www.fragrantica.com/perfume/Michael-Buble/By-Invitation-Signature-52484.html
108029,https://www.fragrantica.com/perfume/Michael-Buble/Crazy-Love-122878.html
108030,https://www.fragrantica.com/perfume/Michael-Buble/Michael-Buble-Pour-Homme-50209.html
108031,https://www.fragrantica.com/perfume/Michael-Buble/Passion-59318.html
108032,https://www.fragrantica.com/perfume/Michael-Cinco/Arsielle-126936.html
108033,https://www.fragrantica.com/perfume/Michael-Cinco/Celore-126938.html
108034,https://www.fragrantica.com/perfume/Michael-Cinco/M1-91060.html
108035,https://www.fragrantica.com/perfume/Michael-Cinco/M2-91061.html
108036,https://www.fragrantica.com/perfume/Michael-Cinco/M3-91062.html
108037,https://www.fragrantica.com/perfume/Michael-Cinco/M4-91063.html
108038,https://www.fragrantica.com/perfume/Michael-Cinco/M5-91064.html
108039,https://www.fragrantica.com/perfume/Michael-Cinco/M6-91065.html
108040,https://www.fragrantica.com/perfume/Michael-Cinco/M7-91066.html
108041,https://www.fragrantica.com/perfume/Michael-Cinco/Marveine-126939.html
108042,https://www.fragrantica.com/perfume/Michael-Cinco/Metamoura-126940.html
108043,https://www.fragrantica.com/perfume/Michael-Cinco/Silvanor-126937.html
108044,https://www.fragrantica.com/perfume/Michael-Cinco/Valeine-126935.html
108045,https://www.fragrantica.com/perfume/Michael-Cinco/Velluria-126934.html
108046,https://www.fragrantica.com/perfume/Michael-Cromer/Anna-79057.html
108047,https://www.fragrantica.com/perfume/Michael-Cromer/Balkissa-79058.html
108048,https://www.fragrantica.com/perfume/Michael-Cromer/Brenda-79059.html
108049,https://www.fragrantica.com/perfume/Michael-Cromer/Elizabeth-79060.html
108050,https://www.fragrantica.com/perfume/Michael-Cromer/Freda-79061.html
108051,https://www.fragrantica.com/perfume/Michael-Cromer/Julia-79062.html
108052,https://www.fragrantica.com/perfume/Michael-Cromer/Lella-79063.html
108053,https://www.fragrantica.com/perfume/Michael-Hill/Clarity-Man-16081.html
108054,https://www.fragrantica.com/perfume/Michael-Hill/Clarity-Woman-16080.html
108055,https://www.fragrantica.com/perfume/Michael-Jackson/Legende-de-Michael-Jackson-38903.html
108056,https://www.fragrantica.com/perfume/Michael-Jackson/Mystique-de-Michael-Jackson-38904.html
108057,https://www.fragrantica.com/perfume/Michael-Jordan/23-3821.html
108058,https://www.fragrantica.com/perfume/Michael-Jordan/Flight-13194.html
108059,https://www.fragrantica.com/perfume/Michael-Jordan/Flight-Challenge-44516.html
108060,https://www.fragrantica.com/perfume/Michael-Jordan/Flight-Sport-44517.html
108061,https://www.fragrantica.com/perfume/Michael-Jordan/Jordan-3822.html
108062,https://www.fragrantica.com/perfume/Michael-Jordan/Jordan-Balance-44520.html
108063,https://www.fragrantica.com/perfume/Michael-Jordan/Jordan-Drive-44521.html
108064,https://www.fragrantica.com/perfume/Michael-Jordan/Jordan-Energy-44522.html
108065,https://www.fragrantica.com/perfume/Michael-Jordan/Jordan-Power-44543.html
108066,https://www.fragrantica.com/perfume/Michael-Jordan/Lady-Flight-29169.html
108067,https://www.fragrantica.com/perfume/Michael-Jordan/Legend-9626.html
108068,https://www.fragrantica.com/perfume/Michael-Jordan/Michael-Jordan-3823.html
108069,https://www.fragrantica.com/perfume/Michael-Kors/24K-Brilliant-Gold-31341.html
108070,https://www.fragrantica.com/perfume/Michael-Kors/Chic-2326.html
108071,https://www.fragrantica.com/perfume/Michael-Kors/Coral-32739.html
108072,https://www.fragrantica.com/perfume/Michael-Kors/Exotic-Blossom-47602.html
108073,https://www.fragrantica.com/perfume/Michael-Kors/Extreme-Blue-36507.html
108074,https://www.fragrantica.com/perfume/Michael-Kors/Extreme-Journey-67499.html
108075,https://www.fragrantica.com/perfume/Michael-Kors/Extreme-Night-44695.html
108076,https://www.fragrantica.com/perfume/Michael-Kors/Extreme-Rush-54240.html
108077,https://www.fragrantica.com/perfume/Michael-Kors/Extreme-Sky-61093.html
108078,https://www.fragrantica.com/perfume/Michael-Kors/Extreme-Speed-48579.html
108079,https://www.fragrantica.com/perfume/Michael-Kors/Glam-Jasmine-18162.html
108080,https://www.fragrantica.com/perfume/Michael-Kors/Gold-13088.html
108081,https://www.parfumo.com/Perfumes/Michael_Kors/Gold_Collection__24K_Brilliant_Gold
108082,https://www.parfumo.com/Perfumes/Michael_Kors/Gold_Collection__Rose_Radiant_Gold
108083,https://www.parfumo.com/Perfumes/Michael_Kors/Gold_Collection__White_Luminous_Gold
108084,https://www.fragrantica.com/perfume/Michael-Kors/Gold-Rose-Edition-15987.html
108085,https://www.fragrantica.com/perfume/Michael-Kors/Gorgeous-64629.html
108086,https://www.fragrantica.com/perfume/Michael-Kors/Island-2327.html
108087,https://www.fragrantica.com/perfume/Michael-Kors/Island-Bermuda-4780.html
108088,https://www.fragrantica.com/perfume/Michael-Kors/Island-Capri-2328.html
108089,https://www.fragrantica.com/perfume/Michael-Kors/Island-Fiji-2336.html
108090,https://www.fragrantica.com/perfume/Michael-Kors/Island-Hawaii-2414.html
108091,https://www.fragrantica.com/perfume/Michael-Kors/Island-Palm-Beach-10890.html
108092,https://www.fragrantica.com/perfume/Michael-Kors/Island-Very-Bali-13861.html
108093,https://www.fragrantica.com/perfume/Michael-Kors/Kors-2415.html
108094,https://www.fragrantica.com/perfume/Michael-Kors/Michael-2416.html
108095,https://www.fragrantica.com/perfume/Michael-Kors/Michael-for-Men-2417.html
108096,https://www.parfumo.com/Perfumes/Michael_Kors/Michael_Michael_Kors_for_Men_After_Shave
108097,https://www.parfumo.com/Perfumes/Michael_Kors/Michael_Michael_Kors_for_Men_Eau_de_Toilette
108098,https://www.fragrantica.com/perfume/Michael-Kors/Michael-Kors-2418.html
108099,https://www.fragrantica.com/perfume/Michael-Kors/Michael-Kors-for-Men-26264.html
108100,https://www.parfumo.com/Perfumes/Michael_Kors/Michael_Kors_for_Men_2014_After_Shave
108101,https://huggingface.co/datasets/doevent/perfume
108102,https://www.fragrantica.com/perfume/Michael-Kors/Michael-Kors-Gold-Luxe-Edition-21758.html
108103,https://www.parfumo.com/Perfumes/Michael_Kors/Michael_Kors_2013_Eau_de_Parfum
108104,https://www.parfumo.com/Perfumes/Michael_Kors/Michael_Kors_Eau_de_Toilette
108105,https://www.fragrantica.com/perfume/Michael-Kors/Michael-Kors-Pour-Femme-92113.html
108106,https://www.fragrantica.com/perfume/Michael-Kors/Michael-Kors-Pour-Homme-92114.html
108107,https://www.parfumo.com/Perfumes/Michael_Kors/Michael_Kors_Sheer_2003
108108,https://www.parfumo.com/Perfumes/Michael_Kors/Michael_Kors_Sheer_2017
108109,https://www.fragrantica.com/perfume/Michael-Kors/Michael-Kors-White-27494.html
108110,https://www.parfumo.com/Perfumes/Michael_Kors/Michael_Michael_Kors_Perfume
108111,https://www.fragrantica.com/perfume/Michael-Kors/Michael-Sheer-11931.html
108112,https://www.fragrantica.com/perfume/Michael-Kors/Midnight-Shimmer-38989.html
108113,https://www.fragrantica.com/perfume/Michael-Kors/Mystique-Shimmer-62282.html
108114,https://www.fragrantica.com/perfume/Michael-Kors/Notes-from-Michael-Glenplaid-16970.html
108115,https://www.fragrantica.com/perfume/Michael-Kors/Notes-from-Michael-Houndstooth-16971.html
108116,https://www.fragrantica.com/perfume/Michael-Kors/Notes-from-Michael-Tattersall-16972.html
108117,https://www.fragrantica.com/perfume/Michael-Kors/Pour-Femme-Absolu-112767.html
108118,https://www.fragrantica.com/perfume/Michael-Kors/Pour-Femme-Pink-Horizon-138648.html
108119,https://www.fragrantica.com/perfume/Michael-Kors/Pour-Femme-Violet-Sunset-138645.html
108120,https://www.fragrantica.com/perfume/Michael-Kors/Pour-Homme-Absolu-112768.html
108121,https://www.fragrantica.com/perfume/Michael-Kors/Pour-Homme-Blue-Dusk-138646.html
108122,https://www.fragrantica.com/perfume/Michael-Kors/Pour-Homme-Green-Infinity-138647.html
108123,https://www.fragrantica.com/perfume/Michael-Kors/Rose-Radiant-Gold-31342.html
108124,https://www.fragrantica.com/perfume/Michael-Kors/Sexy-Amber-18161.html
108125,https://www.fragrantica.com/perfume/Michael-Kors/Sexy-Blossom-40924.html
108126,https://www.fragrantica.com/perfume/Michael-Kors/Sexy-Rio-de-Janeiro-27497.html
108127,https://www.fragrantica.com/perfume/Michael-Kors/Sexy-Ruby-46182.html
108128,https://www.fragrantica.com/perfume/Michael-Kors/Sexy-Sunset-34276.html
108129,https://www.fragrantica.com/perfume/Michael-Kors/Sky-Blossom-52436.html
108130,https://www.fragrantica.com/perfume/Michael-Kors/Sparkling-Blush-51371.html
108131,https://www.fragrantica.com/perfume/Michael-Kors/Sporty-Citrus-18160.html
108132,https://www.fragrantica.com/perfume/Michael-Kors/Starlight-Shimmer-55826.html
108133,https://www.fragrantica.com/perfume/Michael-Kors/Stylish-Amber-69408.html
108134,https://www.fragrantica.com/perfume/Michael-Kors/Suede-14779.html
108135,https://www.fragrantica.com/perfume/Michael-Kors/Super-Gorgeous-68626.html
108136,https://www.fragrantica.com/perfume/Michael-Kors/Turquoise-41839.html
108137,https://www.fragrantica.com/perfume/Michael-Kors/Twilight-Shimmer-50396.html
108138,https://www.fragrantica.com/perfume/Michael-Kors/Very-Hollywood-6047.html
108139,https://www.parfumo.com/Perfumes/Michael_Kors/Very_Hollywood_Solid_Perfume
108140,https://www.fragrantica.com/perfume/Michael-Kors/Very-Hollywood-Sparkling-10480.html
108141,https://www.fragrantica.com/perfume/Michael-Kors/Very-Michael-Kors-2402.html
108142,https://www.fragrantica.com/perfume/Michael-Kors/Very-Pretty-4790.html
108143,https://www.fragrantica.com/perfume/Michael-Kors/White-Luminous-Gold-31343.html
108144,https://www.fragrantica.com/perfume/Michael-Kors/Wonderlust-39459.html
108145,https://www.fragrantica.com/perfume/Michael-Kors/Wonderlust-Eau-de-Voyage-63414.html
108146,https://www.fragrantica.com/perfume/Michael-Kors/Wonderlust-Eau-Fresh-50507.html
108147,https://www.fragrantica.com/perfume/Michael-Kors/Wonderlust-Sensual-Essence-45508.html
108148,https://www.fragrantica.com/perfume/Michael-Kors/Wonderlust-Sublime-55761.html
108149,https://www.fragrantica.com/perfume/Michael-Malul-London/138-Santorini-64951.html
108150,https://www.fragrantica.com/perfume/Michael-Malul-London/139-Spice-64952.html
108151,https://www.fragrantica.com/perfume/Michael-Malul-London/140-Blue-64953.html
108152,https://www.fragrantica.com/perfume/Michael-Malul-London/144-Bloom-64956.html
108153,https://www.fragrantica.com/perfume/Michael-Malul-London/173-Candy-64955.html
108154,https://www.fragrantica.com/perfume/Michael-Malul-London/293-Sparkle-67426.html
108155,https://www.fragrantica.com/perfume/Michael-Malul-London/508-Nightfall-67425.html
108156,https://www.fragrantica.com/perfume/Michael-Malul-London/511-Black-Tie-64954.html
108157,https://www.fragrantica.com/perfume/Michael-Malul-London/593-Bali-67427.html
108158,https://www.fragrantica.com/perfume/Michael-Malul-London/831-San-Lucas-78429.html
108159,https://www.fragrantica.com/perfume/Michael-Malul-London/Agar-Myrrh-87643.html
108160,https://www.fragrantica.com/perfume/Michael-Malul-London/Amber-Smoke-87685.html
108161,https://www.fragrantica.com/perfume/Michael-Malul-London/American-Novelist-96088.html
108162,https://www.fragrantica.com/perfume/Michael-Malul-London/Arashi-Reef-131723.html
108163,https://www.fragrantica.com/perfume/Michael-Malul-London/Atara-55288.html
108164,https://www.fragrantica.com/perfume/Michael-Malul-London/Aura-133555.html
108165,https://www.parfumo.com/Perfumes/Michael_Malul/593-bali
108166,https://www.fragrantica.com/perfume/Michael-Malul-London/Berry-Blanche-87640.html
108167,https://www.parfumo.com/Perfumes/Michael_Malul/511-black-tie
108168,https://www.parfumo.com/Perfumes/Michael_Malul/144-bloom
108169,https://www.parfumo.com/Perfumes/Michael_Malul/140-blue
108170,https://www.fragrantica.com/perfume/Michael-Malul-London/Blue-Ridge-78422.html
108171,https://www.parfumo.com/Perfumes/Michael_Malul/173-candy
108172,https://www.fragrantica.com/perfume/Michael-Malul-London/Cartoonist-115994.html
108173,https://www.fragrantica.com/perfume/Michael-Malul-London/Citizen-Jack-55255.html
108174,https://www.fragrantica.com/perfume/Michael-Malul-London/Citizen-Jack-Absolute-62528.html
108175,https://www.fragrantica.com/perfume/Michael-Malul-London/Citizen-Jack-Alpine-131727.html
108176,https://www.fragrantica.com/perfume/Michael-Malul-London/Citizen-Jack-Mohave-78473.html
108177,https://www.fragrantica.com/perfume/Michael-Malul-London/Citizen-Jack-Open-Road-62529.html
108178,https://www.fragrantica.com/perfume/Michael-Malul-London/Citizen-Jack-Parfum-87687.html
108179,https://www.fragrantica.com/perfume/Michael-Malul-London/Citizen-Jill-70721.html
108180,https://www.fragrantica.com/perfume/Michael-Malul-London/Citizen-Jill-Celestial-131726.html
108181,https://www.fragrantica.com/perfume/Michael-Malul-London/Citizen-Jill-Sunkissed-78465.html
108182,https://www.fragrantica.com/perfume/Michael-Malul-London/Composer-115993.html
108183,https://www.fragrantica.com/perfume/Michael-Malul-London/Edgewater-87596.html
108184,https://www.fragrantica.com/perfume/Michael-Malul-London/Editor-in-Chief-96090.html
108185,https://www.fragrantica.com/perfume/Michael-Malul-London/Electric-Heart-55289.html
108186,https://www.fragrantica.com/perfume/Michael-Malul-London/French-Quarter-131724.html
108187,https://www.fragrantica.com/perfume/Michael-Malul-London/Ginger-Mist-116007.html
108188,https://www.fragrantica.com/perfume/Michael-Malul-London/Greystone-78430.html
108189,https://www.fragrantica.com/perfume/Michael-Malul-London/Jet-Black-55256.html
108190,https://www.fragrantica.com/perfume/Michael-Malul-London/Jet-Black-Enigma-70724.html
108191,https://www.fragrantica.com/perfume/Michael-Malul-London/Jet-Black-Horizon-105878.html
108192,https://www.fragrantica.com/perfume/Michael-Malul-London/Jet-Black-Intense-68393.html
108193,https://www.fragrantica.com/perfume/Michael-Malul-London/Jet-Black-Mahogany-105879.html
108194,https://www.fragrantica.com/perfume/Michael-Malul-London/Jet-Black-Platinum-62530.html
108195,https://www.fragrantica.com/perfume/Michael-Malul-London/Jet-Black-Reserve-62531.html
108196,https://www.fragrantica.com/perfume/Michael-Malul-London/Joie-de-Vie-55290.html
108197,https://www.fragrantica.com/perfume/Michael-Malul-London/Joie-de-Vie-Blush-87875.html
108198,https://www.fragrantica.com/perfume/Michael-Malul-London/Latte-Nectar-105875.html
108199,https://www.fragrantica.com/perfume/Michael-Malul-London/Modern-Poet-96092.html
108200,https://www.fragrantica.com/perfume/Michael-Malul-London/New-Journalist-96091.html
108201,https://www.parfumo.com/Perfumes/Michael_Malul/508-nightfall
108202,https://www.fragrantica.com/perfume/Michael-Malul-London/No-Angel-78462.html
108203,https://www.fragrantica.com/perfume/Michael-Malul-London/Ocean-Noir-70722.html
108204,https://www.fragrantica.com/perfume/Michael-Malul-London/Ocean-Noir-Dive-78461.html
108205,https://www.fragrantica.com/perfume/Michael-Malul-London/Ocean-Noir-Parfum-131725.html
108206,https://www.fragrantica.com/perfume/Michael-Malul-London/Oxford-Row-105880.html
108207,https://www.fragrantica.com/perfume/Michael-Malul-London/Petit-Bouquet-78431.html
108208,https://www.fragrantica.com/perfume/Michael-Malul-London/Prima-Fleur-78464.html
108209,https://www.fragrantica.com/perfume/Michael-Malul-London/Rose-Honey-87686.html
108210,https://www.fragrantica.com/perfume/Michael-Malul-London/Saffron-Sugar-105876.html
108211,https://www.parfumo.com/Perfumes/Michael_Malul/831-san-lucas
108212,https://www.fragrantica.com/perfume/Michael-Malul-London/Sangria-Embers-105368.html
108213,https://www.fragrantica.com/perfume/Michael-Malul-London/Sangria-Saffron-87642.html
108214,https://www.parfumo.com/Perfumes/Michael_Malul/138-santorini
108215,https://www.fragrantica.com/perfume/Michael-Malul-London/Sea-Zephyr-87641.html
108216,https://www.fragrantica.com/perfume/Michael-Malul-London/Siesta-Key-78419.html
108217,https://www.fragrantica.com/perfume/Michael-Malul-London/Solar-Blaze-126655.html
108218,https://www.fragrantica.com/perfume/Michael-Malul-London/South-Slope-105881.html
108219,https://www.parfumo.com/Perfumes/Michael_Malul/293-sparkle
108220,https://www.parfumo.com/Perfumes/Michael_Malul/139-spice
108221,https://www.fragrantica.com/perfume/Michael-Malul-London/Terra-Nova-78421.html
108222,https://www.fragrantica.com/perfume/Michael-Malul-London/Upper-East-78420.html
108223,https://www.fragrantica.com/perfume/Michael-Malul-London/Vanilla-Creme-96095.html
108224,https://www.fragrantica.com/perfume/Michael-Malul-London/Visionair-55257.html
108225,https://www.fragrantica.com/perfume/Michael-Malul-London/Visionair-Homme-78479.html
108226,https://www.fragrantica.com/perfume/Michael-Malul-London/Visionair-Midnight-Blue-62601.html
108227,https://www.fragrantica.com/perfume/Michael-Malul-London/West-Loop-87587.html
108228,https://www.fragrantica.com/perfume/Michael-Malul-London/Wood-Cardamom-105877.html
108229,https://www.fragrantica.com/perfume/Michael-Malul-London/Zest-Vetiver-105843.html
108230,https://www.fragrantica.com/perfume/Michael-Michalsky/Berlin-II-48620.html
108231,https://www.fragrantica.com/perfume/Michael-Michalsky/Berlin-Summer-23-For-Men-83008.html
108232,https://www.fragrantica.com/perfume/Michael-Michalsky/Berlin-Summer-23-For-Women-83009.html
108233,https://www.fragrantica.com/perfume/Michael-Michalsky/Ecstatic-Women-130362.html
108234,https://www.fragrantica.com/perfume/Michael-Michalsky/Intense-Women-130363.html
108235,https://www.fragrantica.com/perfume/Michael-Michalsky/Michalsky-Azure-Sky-66344.html
108236,https://www.fragrantica.com/perfume/Michael-Michalsky/Michalsky-Berlin-Fame-For-Men-58964.html
108237,https://www.fragrantica.com/perfume/Michael-Michalsky/Michalsky-Berlin-Fame-For-Women-58963.html
108238,https://www.fragrantica.com/perfume/Michael-Michalsky/Michalsky-Berlin-for-Men-32108.html
108239,https://www.fragrantica.com/perfume/Michael-Michalsky/Michalsky-Berlin-for-Women-32107.html
108240,https://www.fragrantica.com/perfume/Michael-Michalsky/Michalsky-Berlin-III-for-Men-46834.html
108241,https://www.fragrantica.com/perfume/Michael-Michalsky/Michalsky-Berlin-III-for-Women-46833.html
108242,https://www.fragrantica.com/perfume/Michael-Michalsky/Michalsky-Berlin-Summer-Men-44047.html
108243,https://www.fragrantica.com/perfume/Michael-Michalsky/Michalsky-Berlin-Summer-Women-44046.html
108244,https://www.fragrantica.com/perfume/Michael-Michalsky/Michalsky-for-Men-9776.html
108245,https://www.fragrantica.com/perfume/Michael-Michalsky/Michalsky-for-Women-9775.html
108246,https://www.fragrantica.com/perfume/Michael-Michalsky/Michalsky-Iconic-For-Men-63098.html
108247,https://www.fragrantica.com/perfume/Michael-Michalsky/Michalsky-Iconic-For-Women-63099.html
108248,https://www.fragrantica.com/perfume/Michael-Michalsky/Michalsky-Style-for-Men-51926.html
108249,https://www.fragrantica.com/perfume/Michael-Michalsky/Michalsky-Style-for-Women-51924.html
108250,https://www.fragrantica.com/perfume/Michael-Michalsky/Michalsky-Sunshine-66343.html
108251,https://www.fragrantica.com/perfume/Michael-Michalsky/Provocative-Women-129765.html
108252,https://www.fragrantica.com/perfume/Michael-Michalsky/Urban-Nomads-for-Her-17361.html
108253,https://www.fragrantica.com/perfume/Michael-Michalsky/Urban-Nomads-for-Him-17359.html
108254,https://www.fragrantica.com/perfume/Michael-Paul-Fragrances/Saudade-50471.html
108255,https://www.fragrantica.com/perfume/Michael-Paul-Fragrances/Vantablac-50470.html
108256,https://www.fragrantica.com/perfume/Michael-Storer/Djin-8576.html
108257,https://www.fragrantica.com/perfume/Michael-Storer/Genvieve-8574.html
108258,https://www.fragrantica.com/perfume/Michael-Storer/Kadota-8575.html
108259,https://www.fragrantica.com/perfume/Michael-Storer/Monk-8577.html
108260,https://www.fragrantica.com/perfume/Michael-Storer/Stephanie-8572.html
108261,https://www.fragrantica.com/perfume/Michael-Storer/Winter-Star-8579.html
108262,https://www.fragrantica.com/perfume/Michael-Storer/Yvette-8573.html
108263,https://www.fragrantica.com/perfume/Michal-Szulc/Sale-Perfume-01-24061.html
108264,https://www.fragrantica.com/perfume/Michal-Szulc/Sale-Perfume-01-1-Remake-61484.html
108265,https://www.fragrantica.com/perfume/Michal-Szulc/Sale-Perfume-02-Ribes-oud-61485.html
108266,https://www.parfumo.com/Perfumes/Michalsky/azure-sky
108267,https://www.parfumo.com/Perfumes/Michalsky/fame-for-men
108268,https://www.parfumo.com/Perfumes/Michalsky/fame-for-women
108269,https://www.parfumo.com/Perfumes/Michalsky/iconic-eau-de-parfum
108270,https://www.parfumo.com/Perfumes/Michalsky/iconic-eau-de-toilette
108271,https://www.parfumo.com/Perfumes/Michalsky/Michalsky_Berlin_for_Men
108272,https://www.parfumo.com/Perfumes/Michalsky/Michalsky_Berlin_for_Women
108273,https://www.parfumo.com/Perfumes/Michalsky/Michalsky_Berlin_II_for_Men
108274,https://www.parfumo.com/Perfumes/Michalsky/Michalsky_Berlin_II_for_Women
108275,https://www.parfumo.com/Perfumes/Michalsky/Michalsky_Berlin_III_for_Men
108276,https://www.parfumo.com/Perfumes/Michalsky/Michalsky_Berlin_III_for_Women
108277,https://www.parfumo.com/Perfumes/Michalsky/michalsky-berlin-intense-for-men
108278,https://www.parfumo.com/Perfumes/Michalsky/michalsky-berlin-intense-for-women
108279,https://www.parfumo.com/Perfumes/Michalsky/Michalsky_Berlin_Summer_for_Men
108280,https://www.parfumo.com/Perfumes/Michalsky/Michalsky_Berlin_Summer_for_Women
108281,https://www.parfumo.com/Perfumes/Michalsky/Michalsky_Berlin_Summer_18_for_Men
108282,https://www.parfumo.com/Perfumes/Michalsky/Michalsky_Berlin_Summer_18_for_Women
108283,https://www.parfumo.com/Perfumes/Michalsky/Michalsky_Berlin_Summer_19_for_Men
108284,https://www.parfumo.com/Perfumes/Michalsky/Michalsky_Berlin_Summer_19_for_Women
108285,https://www.parfumo.com/Perfumes/Michalsky/michalsky-berlin-summer-20-for-men
108286,https://www.parfumo.com/Perfumes/Michalsky/michalsky-berlin-summer-20-for-women
108287,https://www.parfumo.com/Perfumes/Michalsky/michalsky-berlin-summer-21-for-men
108288,https://www.parfumo.com/Perfumes/Michalsky/michalsky-berlin-summer-21-for-women
108289,https://www.parfumo.com/Perfumes/Michalsky/michalsky-berlin-summer-22-for-men
108290,https://www.parfumo.com/Perfumes/Michalsky/michalsky-berlin-summer-22-for-women
108291,https://www.parfumo.com/Perfumes/Michalsky/michalsky-berlin-summer-23-for-men
108292,https://www.parfumo.com/Perfumes/Michalsky/michalsky-berlin-summer-23-for-women
108293,https://www.parfumo.com/Perfumes/Michalsky/michalsky-berlin-summer-24-for-men
108294,https://www.parfumo.com/Perfumes/Michalsky/michalsky-berlin-summer-24-for-women
108295,https://www.parfumo.com/Perfumes/Michalsky/Michalsky_Men_After_Shave_Lotion
108296,https://www.parfumo.com/Perfumes/Michalsky/Michalsky_Men_Eau_de_Toilette
108297,https://www.parfumo.com/Perfumes/Michalsky/Michalsky_for_Women
108298,https://www.parfumo.com/Perfumes/Michalsky/private-for-men
108299,https://www.parfumo.com/Perfumes/Michalsky/private-for-women
108300,https://www.parfumo.com/Perfumes/Michalsky/provocative-for-men
108301,https://www.parfumo.com/Perfumes/Michalsky/provocative-for-women
108302,https://www.parfumo.com/Perfumes/Michalsky/style-for-men
108303,https://www.parfumo.com/Perfumes/Michalsky/style-for-women
108304,https://www.parfumo.com/Perfumes/Michalsky/sunshine
108305,https://www.parfumo.com/Perfumes/Michalsky/Urban_Nomads_for_Men_After_Shave_Lotion
108306,https://www.parfumo.com/Perfumes/Michalsky/Urban_Nomads_for_Men_Eau_de_Toilette
108307,https://www.parfumo.com/Perfumes/Michalsky/Urban_Nomads_for_Women
108308,https://www.fragrantica.com/perfume/Michel-Germain/Blue-North-39609.html
108309,https://www.fragrantica.com/perfume/Michel-Germain/David-111173.html
108310,https://huggingface.co/datasets/doevent/perfume
108311,https://www.fragrantica.com/perfume/Michel-Germain/Deauville-9853.html
108312,https://huggingface.co/datasets/doevent/perfume
108313,https://www.fragrantica.com/perfume/Michel-Germain/Deauville-Bleu-pour-Homme-39613.html
108314,https://www.fragrantica.com/perfume/Michel-Germain/Deauville-Champagne-Edition-39615.html
108315,https://www.fragrantica.com/perfume/Michel-Germain/Deauville-France-111020.html
108316,https://www.parfumo.com/Perfumes/Michel_Germain/Deauville_France_Edition_Champagne
108317,https://www.fragrantica.com/perfume/Michel-Germain/Deauville-France-L-air-De-Fleur-111018.html
108318,https://www.fragrantica.com/perfume/Michel-Germain/Deauville-France-L-air-De-Vivre-111019.html
108319,https://www.fragrantica.com/perfume/Michel-Germain/Deauville-France-Yacht-Club-Pour-Homme-115058.html
108320,https://www.fragrantica.com/perfume/Michel-Germain/Deauville-French-Spa-39614.html
108321,https://www.fragrantica.com/perfume/Michel-Germain/Deauville-pour-Homme-9854.html
108322,https://www.fragrantica.com/perfume/Michel-Germain/Deauville-pour-Homme-111370.html
108323,https://www.parfumo.com/Perfumes/Michel_Germain/Deauville_pour_Homme_Edition_Champagne
108324,https://www.parfumo.com/Perfumes/Michel_Germain/deauville-pour-homme-apres-rasage
108325,https://www.fragrantica.com/perfume/Michel-Germain/Emily-in-Paris-111164.html
108326,https://www.fragrantica.com/perfume/Michel-Germain/Emily-in-Paris-Body-Spray-111373.html
108327,https://www.fragrantica.com/perfume/Michel-Germain/Emily-in-Paris-Heartfelt-111170.html
108328,https://www.fragrantica.com/perfume/Michel-Germain/Emily-in-Paris-Heartfelt-Body-Spray-111374.html
108329,https://www.fragrantica.com/perfume/Michel-Germain/Emily-in-Paris-Je-t-aime-111171.html
108330,https://www.fragrantica.com/perfume/Michel-Germain/Emily-in-Paris-New-Beginnings-120950.html
108331,https://www.fragrantica.com/perfume/Michel-Germain/Emily-in-Paris-Parisian-Kiss-120472.html
108332,https://www.fragrantica.com/perfume/Michel-Germain/Emily-in-Paris-Pour-Homme-111172.html
108333,https://www.fragrantica.com/perfume/Michel-Germain/Emily-in-Paris-Romantic-111165.html
108334,https://www.fragrantica.com/perfume/Michel-Germain/Femme-Noir-39620.html
108335,https://www.fragrantica.com/perfume/Michel-Germain/Fleur-Paris-39617.html
108336,https://www.fragrantica.com/perfume/Michel-Germain/Homme-Noir-39618.html
108337,https://www.fragrantica.com/perfume/Michel-Germain/Immaculate-7117.html
108338,https://www.fragrantica.com/perfume/Michel-Germain/Michel-French-Lavender-King-s-Glove-111228.html
108339,https://www.fragrantica.com/perfume/Michel-Germain/Michel-French-Oak-Sage-Imperiale-111227.html
108340,https://www.fragrantica.com/perfume/Michel-Germain/Michel-French-Pear-Queen-s-Lilac-111221.html
108341,https://www.fragrantica.com/perfume/Michel-Germain/Michel-Gold-Bergamot-Vetiver-Royale-111246.html
108342,https://www.fragrantica.com/perfume/Michel-Germain/Michel-Orange-Blossom-Garden-French-Vanilla-111218.html
108343,https://www.fragrantica.com/perfume/Michel-Germain/Michel-Raspberry-Royale-French-Black-Pepper-111247.html
108344,https://www.fragrantica.com/perfume/Michel-Germain/Noir-Pour-Homme-133636.html
108345,https://www.fragrantica.com/perfume/Michel-Germain/Sexual-7116.html
108346,https://www.fragrantica.com/perfume/Michel-Germain/Sexual-Blush-9851.html
108347,https://www.fragrantica.com/perfume/Michel-Germain/Sexual-Femme-9850.html
108348,https://www.fragrantica.com/perfume/Michel-Germain/Sexual-Fleur-16729.html
108349,https://huggingface.co/datasets/doevent/perfume
108350,https://www.fragrantica.com/perfume/Michel-Germain/Sexual-Fresh-for-Women-13622.html
108351,https://www.fragrantica.com/perfume/Michel-Germain/Sexual-Fresh-Pour-Homme-7115.html
108352,https://www.fragrantica.com/perfume/Michel-Germain/Sexual-Gold-Vanille-125025.html
108353,https://www.fragrantica.com/perfume/Michel-Germain/Sexual-Gold-Vanille-Pour-Homme-125024.html
108354,https://www.fragrantica.com/perfume/Michel-Germain/Sexual-Nights-pour-Homme-13623.html
108355,https://www.fragrantica.com/perfume/Michel-Germain/Sexual-Noir-16728.html
108356,https://www.fragrantica.com/perfume/Michel-Germain/Sexual-Noir-For-Women-19657.html
108357,https://huggingface.co/datasets/doevent/perfume
108358,https://huggingface.co/datasets/doevent/perfume
108359,https://huggingface.co/datasets/doevent/perfume
108360,https://www.fragrantica.com/perfume/Michel-Germain/Sexual-Oud-Rouge-111016.html
108361,https://www.fragrantica.com/perfume/Michel-Germain/Sexual-Oud-Rouge-Pour-Homme-111017.html
108362,https://www.fragrantica.com/perfume/Michel-Germain/Sexual-Paris-31779.html
108363,https://www.fragrantica.com/perfume/Michel-Germain/Sexual-Paris-Pour-Homme-31780.html
108364,https://www.fragrantica.com/perfume/Michel-Germain/Sexual-Paris-Tendre-Pour-Femme-40570.html
108365,https://www.fragrantica.com/perfume/Michel-Germain/Sexual-Paris-Tendre-Pour-Homme-40571.html
108366,https://www.fragrantica.com/perfume/Michel-Germain/Sexual-Pour-Homme-7114.html
108367,https://www.fragrantica.com/perfume/Michel-Germain/Sexual-Secret-7113.html
108368,https://www.fragrantica.com/perfume/Michel-Germain/Sexual-Secret-Blush-39610.html
108369,https://www.fragrantica.com/perfume/Michel-Germain/Sexual-Secret-Men-7112.html
108370,https://www.fragrantica.com/perfume/Michel-Germain/Sexual-Star-7111.html
108371,https://www.fragrantica.com/perfume/Michel-Germain/Sexual-Star-pour-Homme-39619.html
108372,https://www.fragrantica.com/perfume/Michel-Germain/Sexual-Steel-Pour-Homme-19658.html
108373,https://www.fragrantica.com/perfume/Michel-Germain/Sexual-Sugar-10533.html
108374,https://www.fragrantica.com/perfume/Michel-Germain/Sugar-Daddy-10534.html
108375,https://www.fragrantica.com/perfume/Michel-Germain/Sugarful-56274.html
108376,https://www.fragrantica.com/perfume/Michel-Germain/Sugarful-Spice-67753.html
108377,https://www.fragrantica.com/perfume/Michel-Germain/Sugarful-Body-Mist-110784.html
108378,https://www.fragrantica.com/perfume/Michel-Germain/Sugarful-Dream-68665.html
108379,https://www.fragrantica.com/perfume/Michel-Germain/Sugarful-Gold-116781.html
108380,https://www.fragrantica.com/perfume/Michel-Germain/Sugarful-Kiss-84183.html
108381,https://www.fragrantica.com/perfume/Michel-Germain/Sugarful-Noir-Pour-Homme-129886.html
108382,https://www.fragrantica.com/perfume/Michel-Germain/Sugarful-Pink-Kiss-140310.html
108383,https://www.fragrantica.com/perfume/Michel-Germain/Sugarful-pour-Homme-76897.html
108384,https://www.fragrantica.com/perfume/Michel-Germain/Sugarful-Sunshine-81796.html
108385,https://www.fragrantica.com/perfume/Michel-Germain/Sugarful-Sweet-Nothings-97331.html
108386,https://www.fragrantica.com/perfume/Michel-Germain/Tattoo-9852.html
108387,https://www.fragrantica.com/perfume/Michel-Germain/Tattoo-111178.html
108388,https://www.fragrantica.com/perfume/Michel-Germain/Tattoo-101642.html
108389,https://www.fragrantica.com/perfume/Michel-Germain/Tattoo-Jungle-Femme-39611.html
108390,https://www.fragrantica.com/perfume/Michel-Germain/Tattoo-Jungle-Homme-39612.html
108391,https://huggingface.co/datasets/doevent/perfume
108392,https://www.fragrantica.com/perfume/Michel-Germain/Tattoo-pour-Homme-111179.html
108393,https://www.fragrantica.com/perfume/Michel-Germain/Tattoo-pour-Homme-111177.html
108394,https://www.fragrantica.com/perfume/Michel-Germain/Very-Sexual-28520.html
108395,https://www.fragrantica.com/perfume/Michel-Germain/Very-Sexual-Pour-Homme-28521.html
108396,https://www.fragrantica.com/perfume/Michel-Germain/Wheels-Black-Pour-Homme-111372.html
108397,https://www.fragrantica.com/perfume/Michel-Germain/Wheels-Red-Pour-Homme-111371.html
108398,https://www.fragrantica.com/perfume/Michel-Germain/Wonderful-97174.html
108399,https://www.fragrantica.com/perfume/Michel-Klein/Cher-3042.html
108400,https://www.fragrantica.com/perfume/Michel-Klein/Comedie-Michel-Klein-3043.html
108401,https://www.fragrantica.com/perfume/Michel-Klein/Illusion-3044.html
108402,https://www.fragrantica.com/perfume/Michel-Klein/Insomny-13210.html
108403,https://www.fragrantica.com/perfume/Michel-Klein/Premier-Rendez-Vous-13209.html
108404,https://www.fragrantica.com/perfume/Michel-Klein/Rendez-Vous-13208.html
108405,https://www.fragrantica.com/perfume/Michel-Klein/Un-Air-de-Comedie-3046.html
108406,https://www.fragrantica.com/perfume/Michela-Mezzetti-Parfums/Breathe-Me-102823.html
108407,https://www.fragrantica.com/perfume/Michela-Mezzetti-Parfums/Crush-Me-125759.html
108408,https://www.fragrantica.com/perfume/Michela-Mezzetti-Parfums/Lick-Me-102822.html
108409,https://www.fragrantica.com/perfume/Michela-Mezzetti-Parfums/Pop-Me-105325.html
108410,https://www.fragrantica.com/perfume/Michele-Bergman/Black-Amber-11333.html
108411,https://www.fragrantica.com/perfume/Michele-Bergman/Black-Gardenia-11334.html
108412,https://www.fragrantica.com/perfume/Michele-Bergman/Black-Tuberose-12706.html
108413,https://www.fragrantica.com/perfume/Michele-Bianchi/Al-Vomero-57897.html
108414,https://www.fragrantica.com/perfume/Michele-Bianchi/Avrora-64346.html
108415,https://www.fragrantica.com/perfume/Michele-Bianchi/Carskij-Oud-51745.html
108416,https://www.fragrantica.com/perfume/Michele-Bianchi/Danza-Armena-51744.html
108417,https://www.fragrantica.com/perfume/Michele-Bianchi/Helios-89818.html
108418,https://www.fragrantica.com/perfume/Michele-Bianchi/Humus-51746.html
108419,https://www.fragrantica.com/perfume/Michele-Bianchi/Jantar-64348.html
108420,https://www.fragrantica.com/perfume/Michele-Bianchi/Ladan-51748.html
108421,https://www.fragrantica.com/perfume/Michele-Bianchi/Narciso-64349.html
108422,https://www.fragrantica.com/perfume/Michele-Bianchi/Notti-Bianche-51747.html
108423,https://www.fragrantica.com/perfume/Michele-Bianchi/Oud-2-0-51749.html
108424,https://www.fragrantica.com/perfume/Michele-Bianchi/Shiraz-57896.html
108425,https://www.fragrantica.com/perfume/Michele-Bianchi/Tuberosa-57898.html
108426,https://www.fragrantica.com/perfume/Michele-Bianchi/Zasmin-51750.html
108427,https://www.fragrantica.com/perfume/Michele-Franzese-Orgasme-Parfumes/Orgasme-Gold-75789.html
108428,https://www.fragrantica.com/perfume/Michele-Franzese-Orgasme-Parfumes/Orgasme-Sale-Champagne-75788.html
108429,https://www.fragrantica.com/perfume/Michele-Franzese-Orgasme-Parfumes/Orgasme-Scandalous-75790.html
108430,https://www.fragrantica.com/perfume/Michele-Franzese-Orgasme-Parfumes/Orgasme-Spa-75792.html
108431,https://www.fragrantica.com/perfume/Michele-Franzese-Orgasme-Parfumes/Orgasme-The-Moon-75791.html
108432,https://www.fragrantica.com/perfume/Michele-Marin-Essenza/E13-Voile-Blanc-142337.html
108433,https://www.fragrantica.com/perfume/Michele-Marin-Essenza/E39-traDire-115207.html
108434,https://www.fragrantica.com/perfume/Michele-Marin-Essenza/Edoard-eau-96614.html
108435,https://www.fragrantica.com/perfume/Michele-Marin-Essenza/Florentine-Gardenia-96611.html
108436,https://www.fragrantica.com/perfume/Michele-Marin-Essenza/Hop-On-106656.html
108437,https://www.fragrantica.com/perfume/Michele-Marin-Essenza/Paris-Venice-96612.html
108438,https://www.fragrantica.com/perfume/Michele-Marin-Essenza/Royal-Antique-96613.html
108439,https://www.fragrantica.com/perfume/Michele-Marin-Essenza/Tell-Me-About-Dubai-96615.html
108440,https://www.fragrantica.com/perfume/Michelle-Michini/Blue-Hawaiian-13533.html
108441,https://www.fragrantica.com/perfume/Michelle-Michini/Egyptian-Musk-13534.html
108442,https://www.fragrantica.com/perfume/Mick-Micheyl/Mick-Micheyl-126933.html
108443,https://www.fragrantica.com/perfume/Mick-Micheyl/Mick-Micheyl-for-Men-126932.html
108444,https://www.fragrantica.com/perfume/Mickey-and-Friends/Daisy-28300.html
108445,https://www.fragrantica.com/perfume/Mickey-and-Friends/Donald-Duck-28298.html
108446,https://www.fragrantica.com/perfume/Mickey-and-Friends/Mickey-Mouse-28296.html
108447,https://www.fragrantica.com/perfume/Mickey-and-Friends/Minnie-Mouse-28297.html
108448,https://www.fragrantica.com/perfume/Miconic/Aegean-Waves-111489.html
108449,https://www.fragrantica.com/perfume/Miconic/Armenistis-111504.html
108450,https://www.fragrantica.com/perfume/Miconic/Kato-Mili-111505.html
108451,https://www.fragrantica.com/perfume/Miconic/Paraportiani-111480.html
108452,https://www.fragrantica.com/perfume/Miconic/Rhenia-111499.html
108453,https://www.fragrantica.com/perfume/Miconic/Soleil-Grec-111494.html
108454,https://www.parfumo.com/Perfumes/Midnight_Gypsy_Alchemy/Black_Velvet_Perfume_Oil
108455,https://www.parfumo.com/Perfumes/Midnight_Gypsy_Alchemy/Chocolate_Mystique_Solid_Perfume
108456,https://www.parfumo.com/Perfumes/Midnight_Gypsy_Alchemy/Darkness_Divine_Solid_Perfume
108457,https://www.fragrantica.com/perfume/Miglot/Formula-01-67677.html
108458,https://www.fragrantica.com/perfume/Miglot/Formula-03-67679.html
108459,https://www.fragrantica.com/perfume/Miglot/Formula-05-67680.html
108460,https://www.fragrantica.com/perfume/Miglot/Formula-06-67681.html
108461,https://www.fragrantica.com/perfume/Miglot/Formula-07-67683.html
108462,https://www.fragrantica.com/perfume/Miglot/Formula-08-67685.html
108463,https://www.fragrantica.com/perfume/Miglot/Formula-10-67686.html
108464,https://www.fragrantica.com/perfume/Miglot/Formula-12-67687.html
108465,https://www.fragrantica.com/perfume/Miglot/Formula-15-67688.html
108466,https://www.fragrantica.com/perfume/Miglot/Formula-16-67689.html
108467,https://www.fragrantica.com/perfume/Miglot/Formula-26-67690.html
108468,https://www.fragrantica.com/perfume/Miglot/Formula-27-67691.html
108469,https://www.fragrantica.com/perfume/Miglot/Formula-28-67770.html
108470,https://www.fragrantica.com/perfume/Miglot/Formula-32-67771.html
108471,https://www.fragrantica.com/perfume/Miglot/Formula-56-67772.html
108472,https://www.fragrantica.com/perfume/Miglot/Formula-58-67773.html
108473,https://www.fragrantica.com/perfume/Miglot/Formula-65-67692.html
108474,https://www.fragrantica.com/perfume/Miglot/Miglot-Pure-Cedarwood-Edition-1-71874.html
108475,https://www.fragrantica.com/perfume/Miglot/Miglot-Pure-Oudh-Edition-1-71877.html
108476,https://www.fragrantica.com/perfume/Miglot/Miglot-Pure-Sandalwood-Edition-1-71876.html
108477,https://www.fragrantica.com/perfume/Miglot/Miglot-Pure-Vetiver-Edition-1-71875.html
108478,https://www.fragrantica.com/perfume/Miguel-Matos/Agua-Exotica-66935.html
108479,https://www.fragrantica.com/perfume/Miguel-Matos/Ana-Salazar-76678.html
108480,https://www.fragrantica.com/perfume/Miguel-Matos/Berlin-89887.html
108481,https://www.fragrantica.com/perfume/Miguel-Matos/Bristol-Club-63003.html
108482,https://www.fragrantica.com/perfume/Miguel-Matos/Burnt-Flower-57963.html
108483,https://www.fragrantica.com/perfume/Miguel-Matos/Chypre-Caramel-66937.html
108484,https://www.fragrantica.com/perfume/Miguel-Matos/Club-Majestic-63004.html
108485,https://www.fragrantica.com/perfume/Miguel-Matos/Colonia-de-Ferias-69219.html
108486,https://www.fragrantica.com/perfume/Miguel-Matos/Doraphilia-57938.html
108487,https://www.fragrantica.com/perfume/Miguel-Matos/Electric-Dreams-70325.html
108488,https://www.fragrantica.com/perfume/Miguel-Matos/Euphoric-Patchouly-99968.html
108489,https://www.fragrantica.com/perfume/Miguel-Matos/Fado-Jasmim-64074.html
108490,https://www.fragrantica.com/perfume/Miguel-Matos/Fado-Jasmim-Special-Edition-61377.html
108491,https://www.fragrantica.com/perfume/Miguel-Matos/Germaine-54404.html
108492,https://www.fragrantica.com/perfume/Miguel-Matos/Germaine-Green-64075.html
108493,https://www.fragrantica.com/perfume/Miguel-Matos/Hard-Techno-73559.html
108494,https://www.fragrantica.com/perfume/Miguel-Matos/La-Piscine-57936.html
108495,https://www.fragrantica.com/perfume/Miguel-Matos/Metal-Fougere-119644.html
108496,https://www.fragrantica.com/perfume/Miguel-Matos/Miracle-of-Roses-54406.html
108497,https://www.fragrantica.com/perfume/Miguel-Matos/Nude-Beach-81399.html
108498,https://www.fragrantica.com/perfume/Miguel-Matos/Olimpia-Club-63006.html
108499,https://www.fragrantica.com/perfume/Miguel-Matos/Palace-Club-63005.html
108500,https://www.fragrantica.com/perfume/Miguel-Matos/Replicant-119648.html
108501,https://www.fragrantica.com/perfume/Miguel-Matos/Ruby-30-58625.html
108502,https://www.fragrantica.com/perfume/Miguel-Matos/Sailor-Stories-54405.html
108503,https://www.fragrantica.com/perfume/Miguel-Matos/Scent-of-Fail-56480.html
108504,https://www.fragrantica.com/perfume/Miguel-Matos/Scent-of-Fail-2-57641.html
108505,https://www.fragrantica.com/perfume/Miguel-Matos/Scent-of-Fail-3-60174.html
108506,https://www.fragrantica.com/perfume/Miguel-Matos/Scent-of-Fail-4-68702.html
108507,https://www.fragrantica.com/perfume/Miguel-Matos/Silver-Stone-54408.html
108508,https://www.fragrantica.com/perfume/Miguel-Matos/Summer-Oud-66936.html
108509,https://www.fragrantica.com/perfume/Miguel-Matos/Tabacco-Smeraldo-73558.html
108510,https://www.fragrantica.com/perfume/Miguel-Matos/Tar-57935.html
108511,https://www.fragrantica.com/perfume/Miguel-Matos/The-Smell-of-Love-99967.html
108512,https://www.fragrantica.com/perfume/Miguel-Matos/Twisted-Tuberose-66938.html
108513,https://www.fragrantica.com/perfume/Miguel-Matos/Unfold-81398.html
108514,https://www.fragrantica.com/perfume/Miguel-Matos/Veneno-50252.html
108515,https://www.fragrantica.com/perfume/Mihail-Voronin/Voronin-22976.html
108516,https://www.fragrantica.com/perfume/Mihan-Aromatics/Guilty-Story-52287.html
108517,https://www.fragrantica.com/perfume/Mihan-Aromatics/Kirra-Curl-75884.html
108518,https://www.fragrantica.com/perfume/Mihan-Aromatics/Mikado-Bark-52285.html
108519,https://www.fragrantica.com/perfume/Mihan-Aromatics/Munlark-Ash-75885.html
108520,https://www.fragrantica.com/perfume/Mihan-Aromatics/Petrichor-Plains-57959.html
108521,https://www.fragrantica.com/perfume/Mihan-Aromatics/Sienna-Brume-52286.html
108522,https://www.fragrantica.com/perfume/Mihan-Aromatics/Sinful-Rose-134760.html
108523,https://www.fragrantica.com/perfume/Mihan-Aromatics/Soul-Nectar-138428.html
108524,https://www.fragrantica.com/perfume/miHoYo/Carnaval-Nocturne-yong-ye-kuang-huan-Aventurine-sha-jin-129824.html
108525,https://www.fragrantica.com/perfume/MIIM-MIIC/80-Gourmand-Floral-129830.html
108526,https://www.fragrantica.com/perfume/MIIM-MIIC/No-108-Warm-Vanilla-Syrup-130261.html
108527,https://www.fragrantica.com/perfume/MIIM-MIIC/No-110-Marine-White-Florals-116153.html
108528,https://www.fragrantica.com/perfume/MIIM-MIIC/No-152-Aquatic-Lemon-127262.html
108529,https://www.fragrantica.com/perfume/MIIM-MIIC/No-161-Cocowood-130262.html
108530,https://www.fragrantica.com/perfume/MIIM-MIIC/No-162-Caramel-Gourmand-130263.html
108531,https://www.fragrantica.com/perfume/MIIM-MIIC/No-163-Gelato-Gourmand-130264.html
108532,https://www.fragrantica.com/perfume/MIIM-MIIC/No-165-Cream-Gourmand-130259.html
108533,https://www.fragrantica.com/perfume/MIIM-MIIC/No-166-Marshmallow-Gourmand-130265.html
108534,https://www.fragrantica.com/perfume/MIIM-MIIC/No-183-Tomato-Vine-133582.html
108535,https://www.fragrantica.com/perfume/MIIM-MIIC/No-3-Sweet-Fruits-Floral-116152.html
108536,https://www.fragrantica.com/perfume/MIIM-MIIC/No-33-White-Floral-Lavender-130260.html
108537,https://www.fragrantica.com/perfume/MIIM-MIIC/No-49-Gourmand-Floral-109030.html
108538,https://www.fragrantica.com/perfume/MIIM-MIIC/No-52-Sweet-Strawberry-Milk-109031.html
108539,https://www.fragrantica.com/perfume/MIIM-MIIC/No-79-Cherry-Vanilla-Wood-109034.html
108540,https://www.fragrantica.com/perfume/MIIM-MIIC/No-99-Amber-Floral-Wood-109032.html
108541,https://www.fragrantica.com/perfume/MiimMiic/No-43-Smokey-Vanilla-Wood-109035.html
108542,https://www.fragrantica.com/perfume/MiimMiic/No-76-Spicy-Amber-Vanilla-109033.html
108543,https://www.fragrantica.com/perfume/MIKEL/Gunaya-Oud-129564.html
108544,https://www.fragrantica.com/perfume/MIKEL/Gunaya-Tobacco-129566.html
108545,https://www.fragrantica.com/perfume/MIKEL/Gunaya-Wood-129565.html
108546,https://www.fragrantica.com/perfume/MIKEL/Hadra-129563.html
108547,https://www.fragrantica.com/perfume/MIKEL/Pahra-129561.html
108548,https://www.fragrantica.com/perfume/MIKEL/Paruta-129560.html
108549,https://www.fragrantica.com/perfume/MIKEL/Ruha-129562.html
108550,https://www.fragrantica.com/perfume/Mikey/Bloodshot-136599.html
108551,https://www.fragrantica.com/perfume/Mikhail-Baryshnikov/Baryshnikov-12831.html
108552,https://www.fragrantica.com/perfume/Mikhail-Baryshnikov/Baryshnikov-Pour-Femme-12829.html
108553,https://www.fragrantica.com/perfume/Mikhail-Baryshnikov/Baryshnikov-Sport-12828.html
108554,https://www.fragrantica.com/perfume/Mikhail-Baryshnikov/Misha-12830.html
108555,https://www.fragrantica.com/perfume/Mikimoto/Avous-136439.html
108556,https://www.fragrantica.com/perfume/Mikimoto/Elmoza-136438.html
108557,https://www.fragrantica.com/perfume/Mikimoto/Fortune-Leaves-Crystal-Edition-120954.html
108558,https://www.fragrantica.com/perfume/Mikimoto/Joedym-136437.html
108559,https://www.fragrantica.com/perfume/Mikimoto/Lordelk-61192.html
108560,https://www.fragrantica.com/perfume/Mikimoto/Marinoon-136436.html
108561,https://www.fragrantica.com/perfume/Mikimoto/Mikimoto-Eau-de-Parfum-58331.html
108562,https://www.fragrantica.com/perfume/Mikimoto/Mikimoto-Perfume-61193.html
108563,https://www.fragrantica.com/perfume/Mikimoto/Monraina-136435.html
108564,https://www.fragrantica.com/perfume/Mikimoto/Moonly-136434.html
108565,https://www.fragrantica.com/perfume/Mikimoto/Percoite-136408.html
108566,https://www.fragrantica.com/perfume/Mikimoto/Perletant-136407.html
108567,https://www.fragrantica.com/perfume/MIKMOI/Aldwych-22224.html
108568,https://www.fragrantica.com/perfume/MIKMOI/Ao-22225.html
108569,https://www.fragrantica.com/perfume/MIKMOI/Aqua-Fortis-29302.html
108570,https://www.fragrantica.com/perfume/MIKMOI/Do-25034.html
108571,https://www.fragrantica.com/perfume/MIKMOI/Itoh-22226.html
108572,https://www.parfumo.com/Perfumes/Mikmoi/Journey
108573,https://www.fragrantica.com/perfume/MIKMOI/Ka-25035.html
108574,https://www.fragrantica.com/perfume/MIKMOI/Ki-Wood-25036.html
108575,https://www.fragrantica.com/perfume/MIKMOI/Kin-Metal-25037.html
108576,https://www.fragrantica.com/perfume/MIKMOI/Lingua-Franca-29303.html
108577,https://www.fragrantica.com/perfume/MIKMOI/Sui-Water-25038.html
108578,https://www.fragrantica.com/perfume/MIKMOI/Vesper-22227.html
108579,https://www.fragrantica.com/perfume/Mila-Schoen/00-7691.html
108580,https://www.fragrantica.com/perfume/Mila-Schoen/60-7687.html
108581,https://www.fragrantica.com/perfume/Mila-Schoen/70-7688.html
108582,https://www.fragrantica.com/perfume/Mila-Schoen/80-7689.html
108583,https://www.fragrantica.com/perfume/Mila-Schoen/90-7690.html
108584,https://www.fragrantica.com/perfume/Mila-Schoen/Haute-Couture-11111.html
108585,https://www.parfumo.com/Perfumes/Mila_Schoen/Haute_Couture_Eau_de_Parfum
108586,https://www.fragrantica.com/perfume/Mila-Schoen/Mila-Schoen-Donna-24757.html
108587,https://www.fragrantica.com/perfume/Mila-Schoen/Mila-Schoen-4631.html
108588,https://www.fragrantica.com/perfume/Mila-Schoen/Mila-Schoen-Homme-24754.html
108589,https://www.fragrantica.com/perfume/Mila-Schoen/Mila-Schoen-Lei-4632.html
108590,https://www.fragrantica.com/perfume/Mila-Schoen/Mila-Schoen-Lui-4633.html
108591,https://www.parfumo.com/Perfumes/Mila_Schoen/Mila_Schoen_Man
108592,https://www.parfumo.com/Perfumes/Mila_Schoen/Mila_Schoen_1981_Eau_de_Parfum
108593,https://www.parfumo.com/Perfumes/Mila_Schoen/Mila_Schoen_1981_Parfum
108594,https://www.fragrantica.com/perfume/Mila-Schoen/Mila-Schoen-Original-11941.html
108595,https://www.fragrantica.com/perfume/Mila-Schoen/Mila-Schoen-Uomo-24756.html
108596,https://www.parfumo.com/Perfumes/Mila_Schoen/Mila_Schoen_Uomo_1986_Eau_de_Toilette
108597,https://www.fragrantica.com/perfume/Mila-Schoen/Mila-Schoen-Uomo-Original-24755.html
108598,https://www.fragrantica.com/perfume/Mila-Schoen/Schoen-11942.html
108599,https://www.parfumo.com/Perfumes/Mila_Schoen/Time_Collection_00
108600,https://www.parfumo.com/Perfumes/Mila_Schoen/Time_Collection__60
108601,https://www.fragrantica.com/perfume/Mila-Schoen/Y10-Avenue-24758.html
108602,https://www.fragrantica.com/perfume/Milan-Parfums/Amber-Tonka-138031.html
108603,https://www.fragrantica.com/perfume/Milan-Parfums/Glorious-138026.html
108604,https://www.fragrantica.com/perfume/Milan-Parfums/Glorious-Extreme-138058.html
108605,https://www.fragrantica.com/perfume/Milan-Parfums/Glorious-Noir-137967.html
108606,https://www.fragrantica.com/perfume/Milan-Parfums/Mazaj-Al-Hawa-138025.html
108607,https://www.fragrantica.com/perfume/Milano-Cento/Milano-Cento-For-Him-58220.html
108608,https://www.fragrantica.com/perfume/Milano-Cento/Milano-Cento-For-Him-Eau-de-Parfum-126429.html
108609,https://www.fragrantica.com/perfume/Milano-Fragranze/Basilica-68245.html
108610,https://www.fragrantica.com/perfume/Milano-Fragranze/Brera-68248.html
108611,https://www.fragrantica.com/perfume/Milano-Fragranze/Cortile-68249.html
108612,https://www.fragrantica.com/perfume/Milano-Fragranze/Derby-68251.html
108613,https://www.fragrantica.com/perfume/Milano-Fragranze/Diurno-68247.html
108614,https://www.fragrantica.com/perfume/Milano-Fragranze/Galleria-68246.html
108615,https://www.fragrantica.com/perfume/Milano-Fragranze/La-Prima-68250.html
108616,https://www.fragrantica.com/perfume/Milano-Fragranze/Naviglio-68240.html
108617,https://www.fragrantica.com/perfume/Milano-Fragranze/Neon-Lights-103150.html
108618,https://www.fragrantica.com/perfume/Milano-Fragranze/Panettone-71006.html
108619,https://www.fragrantica.com/perfume/Milano-Fragranze/Piazza-Affari-74873.html
108620,https://www.fragrantica.com/perfume/Miles-Wambaugh/Coup-d-Etat-57317.html
108621,https://www.fragrantica.com/perfume/Miles-Wambaugh/Hot-Shot-57319.html
108622,https://www.fragrantica.com/perfume/Miles-Wambaugh/Mood-For-Oud-57320.html
108623,https://www.fragrantica.com/perfume/Miles-Wambaugh/Son-Of-a-Gun-57316.html
108624,https://www.fragrantica.com/perfume/Miles-Wambaugh/Sure-Shot-57318.html
108625,https://www.fragrantica.com/perfume/Milestone-Perfumes/All-Yours-Homme-Sport-108791.html
108626,https://www.fragrantica.com/perfume/Milestone-Perfumes/Amber-Night-111094.html
108627,https://www.fragrantica.com/perfume/Milestone-Perfumes/Ambre-Leather-104702.html
108628,https://www.fragrantica.com/perfume/Milestone-Perfumes/Aracadian-Empire-112645.html
108629,https://www.fragrantica.com/perfume/Milestone-Perfumes/Arcadian-Mirage-129458.html
108630,https://www.fragrantica.com/perfume/Milestone-Perfumes/Best-Peach-104359.html
108631,https://www.fragrantica.com/perfume/Milestone-Perfumes/Bibliotic-104249.html
108632,https://www.fragrantica.com/perfume/Milestone-Perfumes/Big-Bottled-Intense-110480.html
108633,https://www.fragrantica.com/perfume/Milestone-Perfumes/Big-Bottled-Noir-110481.html
108634,https://www.fragrantica.com/perfume/Milestone-Perfumes/Big-Classic-Bottled-110479.html
108635,https://www.fragrantica.com/perfume/Milestone-Perfumes/Black-Code-111091.html
108636,https://www.fragrantica.com/perfume/Milestone-Perfumes/Blue-de-Blue-108794.html
108637,https://www.fragrantica.com/perfume/Milestone-Perfumes/Bogart-Rouge-560-108789.html
108638,https://www.fragrantica.com/perfume/Milestone-Perfumes/Bois-Noire-104705.html
108639,https://www.fragrantica.com/perfume/Milestone-Perfumes/Brown-Leather-108788.html
108640,https://www.fragrantica.com/perfume/Milestone-Perfumes/Cerise-Rouge-104355.html
108641,https://www.fragrantica.com/perfume/Milestone-Perfumes/Crispy-White-112545.html
108642,https://www.fragrantica.com/perfume/Milestone-Perfumes/Crystal-Angel-111191.html
108643,https://www.fragrantica.com/perfume/Milestone-Perfumes/Desert-Oud-135355.html
108644,https://www.fragrantica.com/perfume/Milestone-Perfumes/Divine-Elixir-108800.html
108645,https://www.fragrantica.com/perfume/Milestone-Perfumes/Element-01-The-Noir-108799.html
108646,https://www.fragrantica.com/perfume/Milestone-Perfumes/Element-03-Santal-Wood-107855.html
108647,https://www.fragrantica.com/perfume/Milestone-Perfumes/Element-050-112345.html
108648,https://www.fragrantica.com/perfume/Milestone-Perfumes/Elixir-112720.html
108649,https://www.fragrantica.com/perfume/Milestone-Perfumes/Equator-Blue-110313.html
108650,https://www.fragrantica.com/perfume/Milestone-Perfumes/Fifth-Change-112346.html
108651,https://www.fragrantica.com/perfume/Milestone-Perfumes/Frieze-111090.html
108652,https://www.fragrantica.com/perfume/Milestone-Perfumes/Golden-Snake-111192.html
108653,https://www.fragrantica.com/perfume/Milestone-Perfumes/Golden-Tiger-111195.html
108654,https://www.fragrantica.com/perfume/Milestone-Perfumes/Grade-One-111070.html
108655,https://www.fragrantica.com/perfume/Milestone-Perfumes/Grade-One-Silver-Water-111071.html
108656,https://www.fragrantica.com/perfume/Milestone-Perfumes/Grandeur-Extra-Man-110386.html
108657,https://www.fragrantica.com/perfume/Milestone-Perfumes/Grandeur-Le-Homme-110387.html
108658,https://www.fragrantica.com/perfume/Milestone-Perfumes/Grandeur-Le-Nuit-110388.html
108659,https://www.fragrantica.com/perfume/Milestone-Perfumes/Grandeur-Men-s-Passion-110385.html
108660,https://www.fragrantica.com/perfume/Milestone-Perfumes/Great-Pleasure-II-111032.html
108661,https://www.fragrantica.com/perfume/Milestone-Perfumes/Green-Heaven-110384.html
108662,https://www.fragrantica.com/perfume/Milestone-Perfumes/Haneen-Rivera-108797.html
108663,https://www.fragrantica.com/perfume/Milestone-Perfumes/Heritage-Eternal-110595.html
108664,https://www.fragrantica.com/perfume/Milestone-Perfumes/Heritage-Legacy-110598.html
108665,https://www.fragrantica.com/perfume/Milestone-Perfumes/Heritage-Vintage-110596.html
108666,https://www.fragrantica.com/perfume/Milestone-Perfumes/Intense-Man-108806.html
108667,https://www.fragrantica.com/perfume/Milestone-Perfumes/Intimate-Rouge-112344.html
108668,https://www.fragrantica.com/perfume/Milestone-Perfumes/King-Fabulous-104357.html
108669,https://www.fragrantica.com/perfume/Milestone-Perfumes/L-Intercode-112881.html
108670,https://www.fragrantica.com/perfume/Milestone-Perfumes/L-Intercode-Intense-112880.html
108671,https://www.fragrantica.com/perfume/Milestone-Perfumes/L-Intercode-Rouge-112879.html
108672,https://www.fragrantica.com/perfume/Milestone-Perfumes/Madam-Moiselle-112347.html
108673,https://www.fragrantica.com/perfume/Milestone-Perfumes/Monarch-Gold-Intense-Oud-110645.html
108674,https://www.fragrantica.com/perfume/Milestone-Perfumes/Monarch-Instant-Gold-Crush-110644.html
108675,https://www.fragrantica.com/perfume/Milestone-Perfumes/Monarch-Red-Tobacco-Vanilla-110642.html
108676,https://www.fragrantica.com/perfume/Milestone-Perfumes/Monarch-Vanilla-Rose-110643.html
108677,https://www.fragrantica.com/perfume/Milestone-Perfumes/Moonlight-Patchouli-104704.html
108678,https://www.fragrantica.com/perfume/Milestone-Perfumes/Mouj-Affection-107854.html
108679,https://www.fragrantica.com/perfume/Milestone-Perfumes/Mouj-Gardens-104770.html
108680,https://www.fragrantica.com/perfume/Milestone-Perfumes/Mouj-Iceage-104368.html
108681,https://www.fragrantica.com/perfume/Milestone-Perfumes/Mouj-Intimate-108790.html
108682,https://www.fragrantica.com/perfume/Milestone-Perfumes/Mouj-Jubilee-XXVI-104777.html
108683,https://www.fragrantica.com/perfume/Milestone-Perfumes/Mouj-Red-Rocks-104700.html
108684,https://www.fragrantica.com/perfume/Milestone-Perfumes/MSW-104989.html
108685,https://www.fragrantica.com/perfume/Milestone-Perfumes/Opera-108802.html
108686,https://www.fragrantica.com/perfume/Milestone-Perfumes/Orient-Musk-108792.html
108687,https://www.fragrantica.com/perfume/Milestone-Perfumes/Oud-Woody-104352.html
108688,https://www.fragrantica.com/perfume/Milestone-Perfumes/Petals-Apricot-Blossom-109596.html
108689,https://www.fragrantica.com/perfume/Milestone-Perfumes/Portrayal-For-Woman-110605.html
108690,https://www.fragrantica.com/perfume/Milestone-Perfumes/Prime-110606.html
108691,https://www.fragrantica.com/perfume/Milestone-Perfumes/Queen-112648.html
108692,https://www.fragrantica.com/perfume/Milestone-Perfumes/Rose-De-Paris-104706.html
108693,https://www.fragrantica.com/perfume/Milestone-Perfumes/Royal-Collection-Summer-Night-112542.html
108694,https://www.fragrantica.com/perfume/Milestone-Perfumes/Royal-Collection-V-Victory-112543.html
108695,https://www.fragrantica.com/perfume/Milestone-Perfumes/Royal-Collection-X-Men-112541.html
108696,https://www.fragrantica.com/perfume/Milestone-Perfumes/Safran-Noir-112544.html
108697,https://www.fragrantica.com/perfume/Milestone-Perfumes/Sens-104988.html
108698,https://www.fragrantica.com/perfume/Milestone-Perfumes/Sixth-Sense-104987.html
108699,https://www.fragrantica.com/perfume/Milestone-Perfumes/So-Pure-112718.html
108700,https://www.fragrantica.com/perfume/Milestone-Perfumes/Solar-Blanc-104358.html
108701,https://www.fragrantica.com/perfume/Milestone-Perfumes/Stranger-108798.html
108702,https://www.fragrantica.com/perfume/Milestone-Perfumes/Sunrise-110604.html
108703,https://www.fragrantica.com/perfume/Milestone-Perfumes/Sunset-110603.html
108704,https://www.fragrantica.com/perfume/Milestone-Perfumes/Taxco-112721.html
108705,https://www.fragrantica.com/perfume/Milestone-Perfumes/The-Accent-112719.html
108706,https://www.fragrantica.com/perfume/Milestone-Perfumes/The-Immencity-111093.html
108707,https://www.fragrantica.com/perfume/Milestone-Perfumes/The-Man-108805.html
108708,https://www.fragrantica.com/perfume/Milestone-Perfumes/The-Man-Noir-111092.html
108709,https://www.fragrantica.com/perfume/Milestone-Perfumes/The-Night-s-Treasure-Intense-104766.html
108710,https://www.fragrantica.com/perfume/Milestone-Perfumes/Trendy-Wood-Intense-108795.html
108711,https://www.fragrantica.com/perfume/Milestone-Perfumes/Tuscany-Leather-104353.html
108712,https://www.fragrantica.com/perfume/Milestone-Perfumes/Valencia-Donna-112647.html
108713,https://www.fragrantica.com/perfume/Milestone-Perfumes/Valencia-Uomo-Intense-108793.html
108714,https://www.fragrantica.com/perfume/Milestone-Perfumes/Valencia-Vice-Versa-112646.html
108715,https://www.fragrantica.com/perfume/Milestone-Perfumes/Velvet-Collection-Ambre-Sun-111189.html
108716,https://www.fragrantica.com/perfume/Milestone-Perfumes/Velvet-Collection-Black-Insenso-104250.html
108717,https://www.fragrantica.com/perfume/Milestone-Perfumes/Victory-of-Paradise-African-Safari-104703.html
108718,https://www.fragrantica.com/perfume/Milestone-Perfumes/Victory-of-Paradise-Irish-Moment-108796.html
108719,https://www.fragrantica.com/perfume/Milestone-Perfumes/Victory-of-Paradise-Marina-112882.html
108720,https://www.fragrantica.com/perfume/Milestone-Perfumes/Why-111031.html
108721,https://www.fragrantica.com/perfume/MilfShakes/Smoky-Coco-135560.html
108722,https://www.fragrantica.com/perfume/Miliana/Donna-Riviera-117375.html
108723,https://www.fragrantica.com/perfume/Milk-Jar/Before-Sunrise-129868.html
108724,https://www.fragrantica.com/perfume/Milk-Jar/Darjeeling-129869.html
108725,https://www.fragrantica.com/perfume/Milk-Jar/Moonrise-129870.html
108726,https://www.fragrantica.com/perfume/Milk-Jar/Wallflower-129871.html
108727,https://www.fragrantica.com/perfume/Mille-Centum-Parfums/Montecristo-Deleggend-Blanc-42280.html
108728,https://www.fragrantica.com/perfume/Mille-Centum-Parfums/Montecristo-Deleggend-Noir-42281.html
108729,https://www.fragrantica.com/perfume/Mille-Centum-Parfums/Montecristo-Deleggend-Signature-42279.html
108730,https://www.fragrantica.com/perfume/Miller-et-Bertaux/1-For-You-Parfum-Trouve-8951.html
108731,https://www.fragrantica.com/perfume/Miller-et-Bertaux/2-Spiritus-Land-8949.html
108732,https://www.fragrantica.com/perfume/Miller-et-Bertaux/3-Green-Green-Green-and-Green-8950.html
108733,https://www.fragrantica.com/perfume/Miller-et-Bertaux/A-Quiet-Morning-8947.html
108734,https://www.fragrantica.com/perfume/Miller-et-Bertaux/Aymara-74645.html
108735,https://www.fragrantica.com/perfume/Miller-et-Bertaux/Close-Your-Eyes-And-Bois-de-Gaiac-et-Poire-8948.html
108736,https://www.fragrantica.com/perfume/Miller-et-Bertaux/In-22308.html
108737,https://www.fragrantica.com/perfume/Miller-et-Bertaux/Indian-Study-Santal-46600.html
108738,https://www.fragrantica.com/perfume/Miller-et-Bertaux/Like-a-Shadow-119539.html
108739,https://www.fragrantica.com/perfume/Miller-et-Bertaux/like-an-Egyptian-85060.html
108740,https://www.fragrantica.com/perfume/Miller-et-Bertaux/Limone-Nero-107957.html
108741,https://www.fragrantica.com/perfume/Miller-et-Bertaux/Malagasy-69068.html
108742,https://www.fragrantica.com/perfume/Miller-et-Bertaux/Menta-y-Menta-54796.html
108743,https://www.fragrantica.com/perfume/Miller-et-Bertaux/New-Study-Postcard-44020.html
108744,https://www.fragrantica.com/perfume/Miller-et-Bertaux/Oh-ooOoh-oh-16882.html
108745,https://www.fragrantica.com/perfume/Miller-et-Bertaux/Om-22309.html
108746,https://www.fragrantica.com/perfume/Miller-et-Bertaux/Pimiento-63398.html
108747,https://www.fragrantica.com/perfume/Miller-et-Bertaux/Shanti-Shanti-8946.html
108748,https://www.fragrantica.com/perfume/Miller-et-Bertaux/Study-No-17-30892.html
108749,https://www.fragrantica.com/perfume/Miller-et-Bertaux/Study-No-23-Newsletter-41091.html
108750,https://www.fragrantica.com/perfume/Miller-et-Bertaux/Tulsivivah-49534.html
108751,https://www.fragrantica.com/perfume/Miller-Harris/Black-Datura-63319.html
108752,https://www.fragrantica.com/perfume/Miller-Harris/Blousy-56257.html
108753,https://www.fragrantica.com/perfume/Miller-Harris/Brighton-Rock-56258.html
108754,https://www.fragrantica.com/perfume/Miller-Harris/Burj-Rose-85619.html
108755,https://www.parfumo.com/Perfumes/Miller_Harris/Cur_d_Ete
108756,https://www.parfumo.com/Perfumes/Miller_Harris/Cur_de_Fleur
108757,https://www.parfumo.com/Perfumes/Miller_Harris/Cur_de_Jardin
108758,https://www.fragrantica.com/perfume/Miller-Harris/Cassis-en-Feuille-29631.html
108759,https://www.fragrantica.com/perfume/Miller-Harris/Celadon-92280.html
108760,https://www.fragrantica.com/perfume/Miller-Harris/Citron-Citron-4800.html
108761,https://www.fragrantica.com/perfume/Miller-Harris/Coeur-d-Ete-4801.html
108762,https://www.fragrantica.com/perfume/Miller-Harris/Coeur-de-Fleur-4802.html
108763,https://www.fragrantica.com/perfume/Miller-Harris/Coeur-de-Jardin-29633.html
108764,https://www.fragrantica.com/perfume/Miller-Harris/Cologne-1888-4803.html
108765,https://www.fragrantica.com/perfume/Miller-Harris/Craft-Glamour-68205.html
108766,https://www.fragrantica.com/perfume/Miller-Harris/Cuir-d-Oranger-16312.html
108767,https://www.fragrantica.com/perfume/Miller-Harris/Dance-Among-The-Lace-56008.html
108768,https://www.parfumo.com/Perfumes/Miller_Harris/dance-amongst-the-lace
108769,https://www.parfumo.com/Perfumes/Miller_Harris/Eau_de_Vert
108770,https://www.parfumo.com/Perfumes/Miller_Harris/En_Sens_de_Bois
108771,https://www.fragrantica.com/perfume/Miller-Harris/En-Sens-Du-Bois-16527.html
108772,https://www.fragrantica.com/perfume/Miller-Harris/Etui-Noir-38262.html
108773,https://www.fragrantica.com/perfume/Miller-Harris/Feuilles-de-Tabac-4804.html
108774,https://www.fragrantica.com/perfume/Miller-Harris/Figue-Amere-4830.html
108775,https://www.fragrantica.com/perfume/Miller-Harris/Fleur-du-Matin-4836.html
108776,https://www.fragrantica.com/perfume/Miller-Harris/Fleur-Oriental-4805.html
108777,https://www.fragrantica.com/perfume/Miller-Harris/Fleurs-de-Bois-5721.html
108778,https://www.fragrantica.com/perfume/Miller-Harris/Fleurs-de-Sel-4831.html
108779,https://www.fragrantica.com/perfume/Miller-Harris/Found-at-Dusk-67756.html
108780,https://www.fragrantica.com/perfume/Miller-Harris/Geranium-Bourbon-4835.html
108781,https://www.fragrantica.com/perfume/Miller-Harris/Hidden-on-the-Rooftops-51609.html
108782,https://www.fragrantica.com/perfume/Miller-Harris/Hydra-Figue-81739.html
108783,https://www.fragrantica.com/perfume/Miller-Harris/Jasmin-Vert-9026.html
108784,https://www.fragrantica.com/perfume/Miller-Harris/L-Air-de-Rien-4832.html
108785,https://www.fragrantica.com/perfume/Miller-Harris/L-Eau-Magnetic-33766.html
108786,https://www.fragrantica.com/perfume/Miller-Harris/La-Feuille-23218.html
108787,https://www.fragrantica.com/perfume/Miller-Harris/La-Fumee-13410.html
108788,https://www.fragrantica.com/perfume/Miller-Harris/La-Fumee-Alexandrie-32487.html
108789,https://www.fragrantica.com/perfume/Miller-Harris/La-Fumee-Arabie-15695.html
108790,https://www.fragrantica.com/perfume/Miller-Harris/La-Fumee-Intense-32488.html
108791,https://www.fragrantica.com/perfume/Miller-Harris/La-Fumee-Maroc-25933.html
108792,https://www.fragrantica.com/perfume/Miller-Harris/La-Fumee-Ottoman-19515.html
108793,https://www.fragrantica.com/perfume/Miller-Harris/La-Pluie-13409.html
108794,https://www.fragrantica.com/perfume/Miller-Harris/Le-Cedre-44177.html
108795,https://www.fragrantica.com/perfume/Miller-Harris/Le-Jasmin-23219.html
108796,https://www.fragrantica.com/perfume/Miller-Harris/Le-Pamplemousse-14725.html
108797,https://www.fragrantica.com/perfume/Miller-Harris/Le-Petit-Grain-4270.html
108798,https://www.fragrantica.com/perfume/Miller-Harris/Leather-Rouge-55977.html
108799,https://www.fragrantica.com/perfume/Miller-Harris/Legato-114801.html
108800,https://www.fragrantica.com/perfume/Miller-Harris/Lost-In-The-City-51611.html
108801,https://www.fragrantica.com/perfume/Miller-Harris/Lumiere-Doree-38261.html
108802,https://www.fragrantica.com/perfume/Miller-Harris/Melody-106318.html
108803,https://www.fragrantica.com/perfume/Miller-Harris/Mineir-96904.html
108804,https://www.fragrantica.com/perfume/Miller-Harris/Myrica-Muse-76345.html
108805,https://www.parfumo.com/Perfumes/Miller_Harris/no-1-le-jasmin
108806,https://www.parfumo.com/Perfumes/Miller_Harris/no-2-tuberosa
108807,https://www.parfumo.com/Perfumes/Miller_Harris/no-3-veti-vert
108808,https://www.parfumo.com/Perfumes/Miller_Harris/no-5-verger
108809,https://www.fragrantica.com/perfume/Miller-Harris/Noix-de-Tubereuse-4833.html
108810,https://www.parfumo.com/Perfumes/Miller_Harris/Note_de_Peau
108811,https://www.fragrantica.com/perfume/Miller-Harris/Oud-Eclat-69201.html
108812,https://www.fragrantica.com/perfume/Miller-Harris/Peau-Santal-51607.html
108813,https://www.fragrantica.com/perfume/Miller-Harris/Piment-des-Baies-4834.html
108814,https://www.fragrantica.com/perfume/Miller-Harris/Poirier-d-un-Soir-29632.html
108815,https://www.fragrantica.com/perfume/Miller-Harris/Powdered-Veil-51605.html
108816,https://www.fragrantica.com/perfume/Miller-Harris/Reverie-de-Bergamote-67639.html
108817,https://www.fragrantica.com/perfume/Miller-Harris/Rose-En-Noir-11216.html
108818,https://www.fragrantica.com/perfume/Miller-Harris/Rose-Silence-33764.html
108819,https://www.fragrantica.com/perfume/Miller-Harris/Scherzo-Extrait-de-Parfum-141446.html
108820,https://www.fragrantica.com/perfume/Miller-Harris/Scherzo-49608.html
108821,https://www.parfumo.com/Perfumes/Miller_Harris/scherzo-eau-de-parfum
108822,https://www.parfumo.com/Perfumes/Miller_Harris/scherzo-hair-mist
108823,https://www.fragrantica.com/perfume/Miller-Harris/Secret-Gardenia-57022.html
108824,https://www.fragrantica.com/perfume/Miller-Harris/Soufflot-92278.html
108825,https://www.fragrantica.com/perfume/Miller-Harris/Staccato-96903.html
108826,https://www.fragrantica.com/perfume/Miller-Harris/Sublime-Blossom-57029.html
108827,https://www.fragrantica.com/perfume/Miller-Harris/Tangerine-Vert-4806.html
108828,https://www.fragrantica.com/perfume/Miller-Harris/Tea-Tonique-33765.html
108829,https://www.fragrantica.com/perfume/Miller-Harris/Tea-Tonique-Extrait-126269.html
108830,https://www.fragrantica.com/perfume/Miller-Harris/Tender-49609.html
108831,https://www.fragrantica.com/perfume/Miller-Harris/Terre-d-Iris-8312.html
108832,https://www.fragrantica.com/perfume/Miller-Harris/Terre-de-Bois-4807.html
108833,https://www.fragrantica.com/perfume/Miller-Harris/Tuberosa-23220.html
108834,https://www.fragrantica.com/perfume/Miller-Harris/Un-Petit-Rien-50148.html
108835,https://www.fragrantica.com/perfume/Miller-Harris/Velvet-Cherry-63318.html
108836,https://www.fragrantica.com/perfume/Miller-Harris/Verger-23221.html
108837,https://www.fragrantica.com/perfume/Miller-Harris/Veti-Vert-23222.html
108838,https://www.fragrantica.com/perfume/Miller-Harris/Vetiver-Bourbon-16526.html
108839,https://www.fragrantica.com/perfume/Miller-Harris/Vetiver-Insolent-35883.html
108840,https://www.fragrantica.com/perfume/Miller-Harris/Violet-Ida-53638.html
108841,https://www.fragrantica.com/perfume/Miller-Harris/Wander-Through-The-Parks-51610.html
108842,https://www.fragrantica.com/perfume/Milleseve/A-Pas-De-Loup-130001.html
108843,https://www.fragrantica.com/perfume/Milleseve/Chere-Colette-130000.html
108844,https://www.fragrantica.com/perfume/Milleseve/Falaise-49-50N-130002.html
108845,https://www.fragrantica.com/perfume/Milleseve/Paquerettes-130003.html
108846,https://www.fragrantica.com/perfume/Millesium-Paris/CRISTAL-D-ALEXANDRIE-90280.html
108847,https://www.fragrantica.com/perfume/Millesium-Paris/RUBIS-BOURBON-90279.html
108848,https://www.fragrantica.com/perfume/Millesium-Paris/SAPHIR-GOURMAND-90281.html
108849,https://www.fragrantica.com/perfume/Millionaire/Aura-Rouge-120703.html
108850,https://www.fragrantica.com/perfume/Millionaire/Crystal-Citrus-120704.html
108851,https://www.fragrantica.com/perfume/Millionaire/Dubai-120705.html
108852,https://www.fragrantica.com/perfume/Millionaire/Fresh-Patchouli-120706.html
108853,https://www.fragrantica.com/perfume/Millionaire/Maldives-120707.html
108854,https://www.fragrantica.com/perfume/Millionaire/Mykonos-120708.html
108855,https://www.fragrantica.com/perfume/Milton-Lloyd/331-Homme-23928.html
108856,https://www.fragrantica.com/perfume/Milton-Lloyd/A-Rosa-23946.html
108857,https://www.fragrantica.com/perfume/Milton-Lloyd/America-000-23930.html
108858,https://www.parfumo.com/Perfumes/MiltonLloyd/america-000-body-spray
108859,https://www.parfumo.com/Perfumes/MiltonLloyd/america-000-eau-de-toilette
108860,https://www.parfumo.com/Perfumes/MiltonLloyd/america-black-body-spray
108861,https://www.parfumo.com/Perfumes/MiltonLloyd/america-black-parfum-de-toilette
108862,https://www.fragrantica.com/perfume/Milton-Lloyd/America-Black-Woman-23931.html
108863,https://www.fragrantica.com/perfume/Milton-Lloyd/America-Colours-23932.html
108864,https://www.parfumo.com/Perfumes/MiltonLloyd/america-colours-body-spray
108865,https://www.parfumo.com/Perfumes/MiltonLloyd/america-colours-eau-de-toilette
108866,https://www.fragrantica.com/perfume/Milton-Lloyd/America-Day-23933.html
108867,https://www.parfumo.com/Perfumes/MiltonLloyd/america-day-body-spray
108868,https://www.parfumo.com/Perfumes/MiltonLloyd/america-day-cologne
108869,https://www.fragrantica.com/perfume/Milton-Lloyd/America-23929.html
108870,https://www.parfumo.com/Perfumes/MiltonLloyd/America_Gold
108871,https://www.fragrantica.com/perfume/Milton-Lloyd/America-Gold-For-Men-23934.html
108872,https://www.fragrantica.com/perfume/Milton-Lloyd/America-Gold-Woman-23935.html
108873,https://www.fragrantica.com/perfume/Milton-Lloyd/America-Legend-23936.html
108874,https://www.fragrantica.com/perfume/Milton-Lloyd/America-Look-23937.html
108875,https://www.parfumo.com/Perfumes/MiltonLloyd/america-look-body-spray
108876,https://www.parfumo.com/Perfumes/MiltonLloyd/america-look-eau-de-toilette
108877,https://www.parfumo.com/Perfumes/MiltonLloyd/america-body-spray
108878,https://www.parfumo.com/Perfumes/MiltonLloyd/america-eau-de-toilette
108879,https://www.fragrantica.com/perfume/Milton-Lloyd/America-Musk-23938.html
108880,https://www.parfumo.com/Perfumes/MiltonLloyd/america-musk-body-spray
108881,https://www.parfumo.com/Perfumes/MiltonLloyd/america-musk-concentrated-cologne
108882,https://www.fragrantica.com/perfume/Milton-Lloyd/America-Night-23939.html
108883,https://www.parfumo.com/Perfumes/MiltonLloyd/america-night-body-spray
108884,https://www.parfumo.com/Perfumes/MiltonLloyd/america-night-cologne
108885,https://www.fragrantica.com/perfume/Milton-Lloyd/America-Noir-et-Rouge-23940.html
108886,https://www.parfumo.com/Perfumes/MiltonLloyd/america-noir-et-rouge-body-spray
108887,https://www.parfumo.com/Perfumes/MiltonLloyd/america-noir-et-rouge-concentrated-cologne
108888,https://www.parfumo.com/Perfumes/MiltonLloyd/america-pink-body-spray
108889,https://www.parfumo.com/Perfumes/MiltonLloyd/america-pink-parfum-de-toilette
108890,https://www.fragrantica.com/perfume/Milton-Lloyd/America-Pink-Woman-23941.html
108891,https://www.parfumo.com/Perfumes/MiltonLloyd/America_Red
108892,https://www.fragrantica.com/perfume/Milton-Lloyd/America-Red-Woman-23942.html
108893,https://www.fragrantica.com/perfume/Milton-Lloyd/America-Sport-23943.html
108894,https://www.parfumo.com/Perfumes/MiltonLloyd/america-sport-body-spray
108895,https://www.parfumo.com/Perfumes/MiltonLloyd/america-sport-eau-de-toilette
108896,https://www.parfumo.com/Perfumes/MiltonLloyd/america-white-body-spray
108897,https://www.parfumo.com/Perfumes/MiltonLloyd/america-white-parfum-de-toilette
108898,https://www.fragrantica.com/perfume/Milton-Lloyd/America-White-Woman-23944.html
108899,https://www.fragrantica.com/perfume/Milton-Lloyd/Aroma-di-Jean-23945.html
108900,https://www.fragrantica.com/perfume/Milton-Lloyd/Bondage-23927.html
108901,https://www.parfumo.com/Perfumes/MiltonLloyd/Bondage_Chocolate
108902,https://www.fragrantica.com/perfume/Milton-Lloyd/Bondage-Extreme-23947.html
108903,https://www.fragrantica.com/perfume/Milton-Lloyd/Bondage-Extreme-Hommes-23948.html
108904,https://www.parfumo.com/Perfumes/MiltonLloyd/bondage-extreme-hommes-body-spray
108905,https://www.parfumo.com/Perfumes/MiltonLloyd/bondage-extreme-hommes-eau-de-toilette
108906,https://www.fragrantica.com/perfume/Milton-Lloyd/Bondage-Hommes-Chocolate-44028.html
108907,https://www.fragrantica.com/perfume/Milton-Lloyd/Bondage-Hommes-23949.html
108908,https://www.parfumo.com/Perfumes/MiltonLloyd/bondage-hommes-body-spray
108909,https://www.parfumo.com/Perfumes/MiltonLloyd/bondage-hommes-eau-de-toilette
108910,https://www.fragrantica.com/perfume/Milton-Lloyd/Bondage-L-Affaire-23950.html
108911,https://www.parfumo.com/Perfumes/MiltonLloyd/Bondage_L_Affaire_Hommes
108912,https://www.parfumo.com/Perfumes/MiltonLloyd/bondage-body-spray
108913,https://www.parfumo.com/Perfumes/MiltonLloyd/bondage-parfum-de-toilette
108914,https://www.fragrantica.com/perfume/Milton-Lloyd/Bondage-Out-23951.html
108915,https://www.fragrantica.com/perfume/Milton-Lloyd/Bondage-Out-Hommes-23952.html
108916,https://www.parfumo.com/Perfumes/MiltonLloyd/Bondage_Out_Men
108917,https://www.fragrantica.com/perfume/Milton-Lloyd/Bondage-Temptation-23953.html
108918,https://www.fragrantica.com/perfume/Milton-Lloyd/Bondage-Temptation-Hommes-23954.html
108919,https://www.parfumo.com/Perfumes/MiltonLloyd/Bondage_Temptation_Men
108920,https://www.parfumo.com/Perfumes/MiltonLloyd/Calibre_Senses
108921,https://www.fragrantica.com/perfume/Milton-Lloyd/Calibre-Senses-for-Men-43003.html
108922,https://www.fragrantica.com/perfume/Milton-Lloyd/Chacal-23955.html
108923,https://www.fragrantica.com/perfume/Milton-Lloyd/Chelsea-Flowers-23956.html
108924,https://www.fragrantica.com/perfume/Milton-Lloyd/Chique-23958.html
108925,https://www.parfumo.com/Perfumes/MiltonLloyd/Chique_Celebration
108926,https://www.fragrantica.com/perfume/Milton-Lloyd/Chique-For-Men-23957.html
108927,https://huggingface.co/datasets/doevent/perfume
108928,https://www.fragrantica.com/perfume/Milton-Lloyd/Colour-Me-Black-23918.html
108929,https://www.parfumo.com/Perfumes/MiltonLloyd/colour-me-black-body-spray
108930,https://www.parfumo.com/Perfumes/MiltonLloyd/colour-me-black-eau-de-parfum
108931,https://www.parfumo.com/Perfumes/MiltonLloyd/colour-me-black-eau-de-toilette
108932,https://www.fragrantica.com/perfume/Milton-Lloyd/Colour-Me-Blue-23916.html
108933,https://www.parfumo.com/Perfumes/MiltonLloyd/colour-me-blue-body-spray
108934,https://www.parfumo.com/Perfumes/MiltonLloyd/colour-me-blue-eau-de-parfum
108935,https://www.parfumo.com/Perfumes/MiltonLloyd/colour-me-blue-eau-de-toilette
108936,https://www.fragrantica.com/perfume/Milton-Lloyd/Colour-Me-Colours-97067.html
108937,https://www.parfumo.com/Perfumes/MiltonLloyd/colour-me-diamond-body-spray
108938,https://www.parfumo.com/Perfumes/MiltonLloyd/colour-me-diamond-eau-de-parfum
108939,https://www.parfumo.com/Perfumes/MiltonLloyd/colour-me-diamond-parfum-de-toilette
108940,https://www.fragrantica.com/perfume/Milton-Lloyd/Colour-Me-Diamonds-23959.html
108941,https://www.fragrantica.com/perfume/Milton-Lloyd/Colour-Me-Femme-Gold-23960.html
108942,https://www.parfumo.com/Perfumes/MiltonLloyd/colour-me-femme-gold-body-spray
108943,https://www.parfumo.com/Perfumes/MiltonLloyd/colour-me-femme-gold-eau-de-parfum
108944,https://www.fragrantica.com/perfume/Milton-Lloyd/Colour-Me-Flowers-23961.html
108945,https://www.parfumo.com/Perfumes/MiltonLloyd/colour-me-flowers-body-spray
108946,https://www.parfumo.com/Perfumes/MiltonLloyd/colour-me-flowers-parfum-de-toilette
108947,https://www.fragrantica.com/perfume/Milton-Lloyd/Colour-Me-Gold-23919.html
108948,https://www.parfumo.com/Perfumes/MiltonLloyd/colour-me-gold-body-spray
108949,https://www.parfumo.com/Perfumes/MiltonLloyd/colour-me-gold-eau-de-parfum
108950,https://www.parfumo.com/Perfumes/MiltonLloyd/colour-me-gold-eau-de-toilette
108951,https://www.fragrantica.com/perfume/Milton-Lloyd/Colour-Me-Green-23917.html
108952,https://www.parfumo.com/Perfumes/MiltonLloyd/colour-me-green-body-spray
108953,https://www.parfumo.com/Perfumes/MiltonLloyd/colour-me-green-eau-de-parfum
108954,https://www.parfumo.com/Perfumes/MiltonLloyd/colour-me-green-eau-de-toilette
108955,https://www.fragrantica.com/perfume/Milton-Lloyd/Colour-Me-Indigo-116789.html
108956,https://www.fragrantica.com/perfume/Milton-Lloyd/Colour-Me-Musk-23962.html
108957,https://www.parfumo.com/Perfumes/MiltonLloyd/colour-me-musk-body-spray
108958,https://www.parfumo.com/Perfumes/MiltonLloyd/colour-me-musk-eau-de-toilette
108959,https://huggingface.co/datasets/doevent/perfume
108960,https://www.parfumo.com/Perfumes/MiltonLloyd/colour-me-neon-pink-body-spray
108961,https://www.parfumo.com/Perfumes/MiltonLloyd/colour-me-neon-pink-eau-de-parfum
108962,https://www.parfumo.com/Perfumes/MiltonLloyd/colour-me-neon-pink-parfum-de-toilette
108963,https://www.fragrantica.com/perfume/Milton-Lloyd/Colour-Me-Neon-Volt-123478.html
108964,https://www.fragrantica.com/perfume/Milton-Lloyd/Colour-Me-Oud-23926.html
108965,https://www.parfumo.com/Perfumes/MiltonLloyd/colour-me-oud-eau-de-parfum
108966,https://www.parfumo.com/Perfumes/MiltonLloyd/colour-me-oud-eau-de-toilette
108967,https://www.fragrantica.com/perfume/Milton-Lloyd/Colour-Me-Pearl-23925.html
108968,https://www.parfumo.com/Perfumes/MiltonLloyd/colour-me-pearl-body-spray
108969,https://www.parfumo.com/Perfumes/MiltonLloyd/colour-me-pearl-parfum-de-toilette
108970,https://www.fragrantica.com/perfume/Milton-Lloyd/Colour-Me-Pink-23921.html
108971,https://www.parfumo.com/Perfumes/MiltonLloyd/colour-me-pink-body-spray
108972,https://www.parfumo.com/Perfumes/MiltonLloyd/colour-me-pink-parfum-de-toilette
108973,https://www.parfumo.com/Perfumes/MiltonLloyd/colour-me-pop-art
108974,https://www.fragrantica.com/perfume/Milton-Lloyd/Colour-Me-Purple-23923.html
108975,https://www.parfumo.com/Perfumes/MiltonLloyd/colour-me-purple-body-spray
108976,https://www.parfumo.com/Perfumes/MiltonLloyd/colour-me-purple-parfum-de-toilette
108977,https://www.fragrantica.com/perfume/Milton-Lloyd/Colour-Me-Red-23922.html
108978,https://www.parfumo.com/Perfumes/MiltonLloyd/colour-me-red-body-spray
108979,https://www.parfumo.com/Perfumes/MiltonLloyd/colour-me-red-parfum-de-toilette
108980,https://www.fragrantica.com/perfume/Milton-Lloyd/Colour-Me-Silver-23920.html
108981,https://www.parfumo.com/Perfumes/MiltonLloyd/colour-me-silver-body-spray
108982,https://www.parfumo.com/Perfumes/MiltonLloyd/colour-me-silver-eau-de-toilette
108983,https://www.parfumo.com/Perfumes/MiltonLloyd/colour-me-silver-sport-eau-de-parfum
108984,https://www.parfumo.com/Perfumes/MiltonLloyd/colour-me-silver-sport-body-spray
108985,https://www.parfumo.com/Perfumes/MiltonLloyd/colour-me-silver-sport-eau-de-toilette
108986,https://www.fragrantica.com/perfume/Milton-Lloyd/Colour-Me-Sky-Blue-23924.html
108987,https://www.parfumo.com/Perfumes/MiltonLloyd/colour-me-sky-blue-eau-de-parfum
108988,https://www.parfumo.com/Perfumes/MiltonLloyd/colour-me-sky-blue-parfum-de-toilette
108989,https://huggingface.co/datasets/doevent/perfume
108990,https://www.parfumo.com/Perfumes/MiltonLloyd/colour-me-volt-body-spray
108991,https://www.parfumo.com/Perfumes/MiltonLloyd/colour-me-volt-eau-de-parfum
108992,https://www.parfumo.com/Perfumes/MiltonLloyd/colour-me-volt-eau-de-toilette
108993,https://www.fragrantica.com/perfume/Milton-Lloyd/Colour-Me-White-23963.html
108994,https://www.parfumo.com/Perfumes/MiltonLloyd/colour-me-white-body-spray
108995,https://www.parfumo.com/Perfumes/MiltonLloyd/colour-me-white-eau-de-parfum
108996,https://www.parfumo.com/Perfumes/MiltonLloyd/colour-me-white-eau-de-toilette
108997,https://www.fragrantica.com/perfume/Milton-Lloyd/Cuba-23964.html
108998,https://www.fragrantica.com/perfume/Milton-Lloyd/DNA-23965.html
108999,https://www.parfumo.com/Perfumes/MiltonLloyd/DNA_The_Fragrance
109000,https://www.fragrantica.com/perfume/Milton-Lloyd/Essentials-N01-124876.html