id,brand_name,product_name,release_year
162001,UERMI,3 Dove L'Acqua È Più Blu,2022
162002,UERMI,4 Dillo Alla Luna,2022
162003,UERMI,70's Mood,2023
162004,UERMI,AB±Cashmere,2013
162005,UERMI,AB ± Cashmere,2014
162006,UERMI,DO ± Washi,2015
162007,UERMI,En Lace,2020
162008,UERMI,Ex Latex,2025
162009,UERMI,My Tuxedo,2019
162010,UERMI,NO±Suede,2013
162011,UERMI,NO ± Suede,2014
162012,UERMI,NU Leather,2019
162013,UERMI,OH±Denim,2013
162014,UERMI,OH ± Denim,2014
162015,UERMI,OH Denim Extreme,2020
162016,UERMI,OR ± Ange,2016
162017,UERMI,OR ± Cashmere,2016
162018,UERMI,OR ± Damask,2018
162019,UERMI,OR ± Kanabo,2017
162020,UERMI,OR White,2016
162021,UERMI,'s Mood,2023
162022,UERMI,SO ± Satin,2018
162023,UERMI,Solaro Collection - 1: Il Sole Dentro,2022
162024,UERMI,Solaro Collection - 2: L'Isola Che Non C'è,2022
162025,UERMI,Solaro Collection - 3: Dove L'Acqua è Più Blu,2022
162026,UERMI,Solaro Collection - 4: Dillo Alla Luna,2022
162027,UERMI,UD IKAT,2021
162028,UERMI,UR ± Silk,2014
162029,UERMI,UR ± Silk 19,2018
162030,UERMI,VE ± Velvet,2014
162031,UERMI,WE ± Tweed,2014
162032,UERMI,XX ± Latex,2014
162033,UFC Perfumes,Takedown,2025
162034,UFC Perfumes,Ultimate K.O.,2025
162035,UFO Parfums,165 BPMs,2023
162036,UFO Parfums,Anal,2020
162037,UFO Parfums,Angel UFO Parfums x DJ Python,2022
162038,UFO Parfums,Come Tees x UFO Parfums Liquid,2019
162039,UFO Parfums,Hentai,2020
162040,UFO Parfums,Jammy Egg on Toast,2026
162041,UFO Parfums,Literalvolcano,2019
162042,UFO Parfums,Misty,2026
162043,UFO Parfums,NOP,2024
162044,Ugo Charron,Umema,2024
162045,uka,24:45,2022
162046,uka,7:15,2022
162047,uka,Energetic Rose,2024
162048,uka,Girls on the Beach,2025
162049,uka,Japanese Night,2022
162050,uka,ma/jo,2022
162051,uka,Merry Rose,2024
162052,uka,Nighty Night,2025
162053,uka,Pocket-Sized Holiday,2025
162054,uka,Sakurasaku,2026
162055,uka,Sandy Rose,2024
162056,Ulric de Varens,Absolute Bomb,2020
162057,Ulric de Varens,Ambre Mystérieux,2009
162058,Ulric de Varens,Best of UDV,2004
162059,Ulric de Varens,Cananga,
162060,Ulric de Varens,Candy Dream,2013
162061,Ulric de Varens,Candy Dream,2019
162062,Ulric de Varens,Cassis Douceur,2009
162063,Ulric de Varens,Chic Issime,
162064,Ulric de Varens,Ciel,
162065,Ulric de Varens,City London for Men,2016
162066,Ulric de Varens,City New York for Men,2016
162067,Ulric de Varens,City Paris for Men,2016
162068,Ulric de Varens,Coconut Paradise,2013
162069,Ulric de Varens,Cotton Musk,2001
162070,Ulric de Varens,Cotton Musk Original,2018
162071,Ulric de Varens,Creation N° 09,
162072,Ulric de Varens,Creation N° 13,2009
162073,Ulric de Varens,Creation N° 30,2009
162074,Ulric de Varens,Creation N° 44,2009
162075,Ulric de Varens,Cyane,1985
162076,Ulric de Varens,Desire Bomb,2022
162077,Ulric de Varens,Divine Issime,2013
162078,Ulric de Varens,Eau de Varens Fresh,
162079,Ulric de Varens,Eau de Varens N° 3,
162080,Ulric de Varens,Eau de Varens N° 4,
162081,Ulric de Varens,Eau de Varens N°6,2022
162082,Ulric de Varens,Eau de Varens N° 7,
162083,Ulric de Varens,Eau de Varens N° 8,2016
162084,Ulric de Varens,Eau de Varens No. 2,1997
162085,Ulric de Varens,Exotic Sun,2019
162086,Ulric de Varens,Femme de Varens - Sensuelle,2014
162087,Ulric de Varens,Femme de Varens - Sublime,2014
162088,Ulric de Varens,French Love,2014
162089,Ulric de Varens,Gold Issime,2000
162090,Ulric de Varens,Hot! Fragrances Black,2008
162091,Ulric de Varens,Hot! Fragrances Blue,2008
162092,Ulric de Varens,Hot! Fragrances Brown,2008
162093,Ulric de Varens,Hot! Fragrances Grey,
162094,Ulric de Varens,Hot! Fragrances Red,2008
162095,Ulric de Varens,I Love You,
162096,Ulric de Varens,Indra,
162097,Ulric de Varens,Intense Bomb,2014
162098,Ulric de Varens,Iris Romantique,2009
162099,Ulric de Varens,Isa,2000
162100,Ulric de Varens,Isa Rose,
162101,Ulric de Varens,J/A/S/M/I/N,
162102,Ulric de Varens,Jacques Saint Pres - Ciel,
162103,Ulric de Varens,Jacques Saint Pres - Indra,
162104,Ulric de Varens,Jacques Saint Pres - Indra Purple,
162105,Ulric de Varens,Jacques Saint Pres - Isa,
162106,Ulric de Varens,Jacques Saint Pres - Isa Rose,2015
162107,Ulric de Varens,Jacques Saint Pres - Java,
162108,Ulric de Varens,Jacques Saint Pres - Paris Chic,1995
162109,Ulric de Varens,Jacques Saint Pres - Paris Dream,2015
162110,Ulric de Varens,Jacques Saint Pres - Paris Love,2015
162111,Ulric de Varens,Jacques Saint Pres - Version Black,
162112,Ulric de Varens,Jacques Saint Pres - Version Sport,2019
162113,Ulric de Varens,Jacques Saint Pres - Version Wood,
162114,Ulric de Varens,Lily Prune Cotton Musk,2000
162115,Ulric de Varens,Lily Prune - Exotic Wood,2001
162116,Ulric de Varens,Lily Prune - Fizzy Tea,2001
162117,Ulric de Varens,Lily Prune Lily Gold,2000
162118,Ulric de Varens,Lily Prune - Lily Pastel,
162119,Ulric de Varens,Lily Prune Lily Silver,2000
162120,Ulric de Varens,Lily Prune - Lily Sweet,2003
162121,Ulric de Varens,Lily Prune Love,2000
162122,Ulric de Varens,Lily Prune Love Story,2000
162123,Ulric de Varens,Lily Prune Musk Patchouli,2000
162124,Ulric de Varens,Lily Prune Sublime Vanilla,2001
162125,Ulric de Varens,Love Bomb,
162126,Ulric de Varens,Love by Lily Prune,2006
162127,Ulric de Varens,Love Story by Lily Prune,2006
162128,Ulric de Varens,Lovely,
162129,Ulric de Varens,Mini Beauty,2015
162130,Ulric de Varens,Mini Blue,
162131,Ulric de Varens,Mini Charm,
162132,Ulric de Varens,Mini Crazy,
162133,Ulric de Varens,Mini Dream,2013
162134,Ulric de Varens,Mini Fashion,2010
162135,Ulric de Varens,Mini Flirt,
162136,Ulric de Varens,Mini Fruity,
162137,Ulric de Varens,Mini Funny,2013
162138,Ulric de Varens,Mini Girly,
162139,Ulric de Varens,Mini Glamour,2010
162140,Ulric de Varens,Mini Happy,2012
162141,Ulric de Varens,Mini Kiss,
162142,Ulric de Varens,Mini Liberty,2015
162143,Ulric de Varens,Mini Love,2008
162144,Ulric de Varens,Mini Magic,
162145,Ulric de Varens,Mini Musk,
162146,Ulric de Varens,Mini Pink,
162147,Ulric de Varens,Mini Pretty,2008
162148,Ulric de Varens,Mini Purple,
162149,Ulric de Varens,Mini Sexy,
162150,Ulric de Varens,Mini Tonic,2023
162151,Ulric de Varens,Mini Vanille,
162152,Ulric de Varens,Mini Varens 08,2010
162153,Ulric de Varens,Mini Varens 29,2010
162154,Ulric de Varens,Mini Varens 31,2010
162155,Ulric de Varens,Miss Cotton Musk,
162156,Ulric de Varens,Miss Varens,
162157,Ulric de Varens,Miss Varens Fashion,2010
162158,Ulric de Varens,Mix Me Italian Charm,2012
162159,Ulric de Varens,Mix Me - Italian Charm: Bois Précieux,2012
162160,Ulric de Varens,Mix Me - Italian Charm: Fleur de Citronnier,
162161,Ulric de Varens,Mix Me - Italian Charm: Pomme-Cannelle,
162162,Ulric de Varens,Mix Me Pure Desire,2012
162163,Ulric de Varens,Mix Me - Pure Desire: Accord Frais,
162164,Ulric de Varens,Mix Me - Pure Desire: Barbe à Papa,2012
162165,Ulric de Varens,Mix Me - Pure Desire: Patchouli,
162166,Ulric de Varens,Mix Me Tropical Beach,2012
162167,Ulric de Varens,Mix Me - Tropical Beach: Fleur de Tiaré,
162168,Ulric de Varens,Mix Me - Tropical Beach: Noix de Coco,
162169,Ulric de Varens,Mix Me - Tropical Beach: Vanille,
162170,Ulric de Varens,Mojito Love,2019
162171,Ulric de Varens,Muguet Secret,2009
162172,Ulric de Varens,Musc Provocant,
162173,Ulric de Varens,Musk Collection Crazy,
162174,Ulric de Varens,Musk Collection Glam,
162175,Ulric de Varens,Musk Patchouli,
162176,Ulric de Varens,Musk Sexy,2013
162177,Ulric de Varens,Musk Sexy,2019
162178,Ulric de Varens,Neroli Divin,2009
162179,Ulric de Varens,Orfea,
162180,Ulric de Varens,Ottomane,1993
162181,Ulric de Varens,Paris Chic,
162182,Ulric de Varens,Paris Dream,
162183,Ulric de Varens,Paris Love,
162184,Ulric de Varens,Paris Secret,
162185,Ulric de Varens,Patchouli Love,2013
162186,Ulric de Varens,Peach Funky,
162187,Ulric de Varens,Pink Rock,
162188,Ulric de Varens,Pleine Lune,
162189,Ulric de Varens,Purple Pop,
162190,Ulric de Varens,Rectoverso Lollipop Toffee,2002
162191,Ulric de Varens,Rectoverso Man - Absolute Musk,2001
162192,Ulric de Varens,Rectoverso Man - Blue Atoll,2001
162193,Ulric de Varens,Rectoverso Man - Blue Lagoon,
162194,Ulric de Varens,Rectoverso Man Tea Tobacco,2001
162195,Ulric de Varens,Rectoverso - Mandarin Musk,2000
162196,Ulric de Varens,Rectoverso Mystery Secret,2001
162197,Ulric de Varens,Rectoverso - Sun Sea,2000
162198,Ulric de Varens,Rectoverso - Sweety Fruity,
162199,Ulric de Varens,Rêve de Varens,
162200,Ulric de Varens,Rêve in Gold,
162201,Ulric de Varens,Rose Glamour,2009
162202,Ulric de Varens,Rubis,
162203,Ulric de Varens,Santal Intense,2009
162204,Ulric de Varens,Saphir,
162205,Ulric de Varens,Sensuelle,2014
162206,Ulric de Varens,So Varens,
162207,Ulric de Varens,Sublime,2014
162208,Ulric de Varens,Sweet Love,2014
162209,Ulric de Varens,Tiare Flower Beach,2013
162210,Ulric de Varens,UDV,1993
162211,Ulric de Varens,UDV Action,
162212,Ulric de Varens,UDV Action for Men,2010
162213,Ulric de Varens,UDV Black,
162214,Ulric de Varens,UDV Black for Men Ulric de Varens After Shave,
162215,Ulric de Varens,UDV Black for Men Ulric de Varens Eau de Toilette,
162216,Ulric de Varens,UDV Blue,
162217,Ulric de Varens,UDV Blue for Men,2002
162218,Ulric de Varens,UDV Extreme,
162219,Ulric de Varens,UDV Fire for Men,
162220,Ulric de Varens,UDV Flash,2014
162221,Ulric de Varens,UDV Flash for Men,
162222,Ulric de Varens,UDV for Men Ulric de Varens 1993 After Shave,1993
162223,Ulric de Varens,UDV for Men Ulric de Varens 1993 Eau de Toilette,1993
162224,Ulric de Varens,UDV Fun,2000
162225,Ulric de Varens,UDV Musk for Men,2005
162226,Ulric de Varens,UDV Night,
162227,Ulric de Varens,UDV No. 1,
162228,Ulric de Varens,UDV No. 2,
162229,Ulric de Varens,UDV Pour Elle,2000
162230,Ulric de Varens,Udv Pour Elle Chic-Issime,
162231,Ulric de Varens,Udv Pour Elle Divine-Issime,
162232,Ulric de Varens,Udv Pour Elle Gold-Issime,
162233,Ulric de Varens,UDV pour Elle Style,
162234,Ulric de Varens,UDV Star,
162235,Ulric de Varens,UDV V.I.P.,
162236,Ulric de Varens,UDV Wild,2020
162237,Ulric de Varens,Vanilla Darling,2013
162238,Ulric de Varens,Vanilla Darling,2019
162239,Ulric de Varens,Varens & Moi L'Amour,2010
162240,Ulric de Varens,Varens & Moi L'Emotion,2010
162241,Ulric de Varens,Varens & Moi L'Envie,2010
162242,Ulric de Varens,Varens City London,2015
162243,Ulric de Varens,Varens City New-York,
162244,Ulric de Varens,Varens City Paris,2015
162245,Ulric de Varens,Varens Cool,2016
162246,Ulric de Varens,Varens Cool Eau Fraiche Intense,2016
162247,Ulric de Varens,Varens d'Orient Amethyst,
162248,Ulric de Varens,Varens d'Orient Améthyste,2018
162249,Ulric de Varens,Varens D'Orient Elixir,2017
162250,Ulric de Varens,Varens D'Orient Nomad,2017
162251,Ulric de Varens,Varens d'Orient Rubis,2016
162252,Ulric de Varens,Varens d'Orient Saphir,2016
162253,Ulric de Varens,Varens Desire,
162254,Ulric de Varens,Varens Duo Poudré,2002
162255,Ulric de Varens,Varens essentiel Ambre Mysterieux,2009
162256,Ulric de Varens,Varens essentiel Cassis Douceur,2009
162257,Ulric de Varens,Varens essentiel Iris Romantique,2009
162258,Ulric de Varens,Varens essentiel Muguet Secret,2009
162259,Ulric de Varens,Varens essentiel Musc Provocant,2009
162260,Ulric de Varens,Varens essentiel Neroli Divin,2009
162261,Ulric de Varens,Varens essentiel Rose Glamour,2009
162262,Ulric de Varens,Varens essentiel Santal Intense,2009
162263,Ulric de Varens,Varens essentiel Violette Delicate,2009
162264,Ulric de Varens,Varens First,
162265,Ulric de Varens,Varens for Me,
162266,Ulric de Varens,Varens For Men Ambre Coca,2023
162267,Ulric de Varens,Varens For Men Café Vanille,2023
162268,Ulric de Varens,Varens For Men Irish Coffee,2023
162269,Ulric de Varens,Varens For Men Tabac Coton,2023
162270,Ulric de Varens,Varens for You,
162271,Ulric de Varens,Varens Fresh,2016
162272,Ulric de Varens,Varens Fresh Eau Fraiche Intense,2016
162273,Ulric de Varens,Varens Homme Gold,
162274,Ulric de Varens,Varens Homme Intense,
162275,Ulric de Varens,Varens Homme Silver,
162276,Ulric de Varens,Varens Homme Sport,
162277,Ulric de Varens,Varens In The Sky,2018
162278,Ulric de Varens,Varens Je t'aime,
162279,Ulric de Varens,Varens Kiss,2007
162280,Ulric de Varens,Varens Lavande,
162281,Ulric de Varens,Varens Love,2007
162282,Ulric de Varens,Varens Musc,
162283,Ulric de Varens,Varens Original African Queen,2008
162284,Ulric de Varens,Varens Original Borneo Dream,2008
162285,Ulric de Varens,Varens Original French Sweets,2008
162286,Ulric de Varens,Varens Original Indian Secret,2008
162287,Ulric de Varens,Varens Original Italian Romance,2008
162288,Ulric de Varens,Varens Original Oriental Night,2008
162289,Ulric de Varens,Varens Original Patchouli Chic,2008
162290,Ulric de Varens,Varens Original Russian Legend,2008
162291,Ulric de Varens,Varens Original Spring Tea,2008
162292,Ulric de Varens,Varens Original Tropical Sun,2008
162293,Ulric de Varens,Varens Passion,
162294,Ulric de Varens,Varens Romance Oh ! Cuba,2024
162295,Ulric de Varens,Varens Romance Oh ! Istanbul,2024
162296,Ulric de Varens,Varens Romance Oh ! Paris,2024
162297,Ulric de Varens,Varens Romance Oh ! Venise,2024
162298,Ulric de Varens,Varens Secret 1,
162299,Ulric de Varens,Varens Secret 2,
162300,Ulric de Varens,Varens Secret 3,
162301,Ulric de Varens,Varens Sweet Cerise Pistache,2023
162302,Ulric de Varens,Varens Sweet Coco Soleil,2023
162303,Ulric de Varens,Varens Sweet Grenade Passion,2023
162304,Ulric de Varens,Varens Sweet Pêche Chantilly,2023
162305,Ulric de Varens,Varens Sweet Pomme d'Amour,2023
162306,Ulric de Varens,Varens Sweet Vanille Caramel,2023
162307,Ulric de Varens,Varens Sweet Vanille Framboise,2023
162308,Ulric de Varens,Varens Tonic,2016
162309,Ulric de Varens,Varens Tonic Eau Fraiche Intense,2016
162310,Ulric de Varens,Varens Uno,
162311,Ulric de Varens,Varens Vétiver,
162312,Ulric de Varens,Varensflirt - Candy Dream,2019
162313,Ulric de Varens,Varensflirt - Exotic Sun,2019
162314,Ulric de Varens,Varensflirt - Mojito Love,2019
162315,Ulric de Varens,Varensflirt - Musk Sexy,2019
162316,Ulric de Varens,Varensflirt - Vanilla Darling,2019
162317,Ulric de Varens,Varensia,1994
162318,Ulric de Varens,Varensia Pink,2023
162319,Ulric de Varens,Varensia White,2014
162320,Ulric de Varens,Veronese,
162321,Ulric de Varens,Version Black,2010
162322,Ulric de Varens,Version Homme,1995
162323,Ulric de Varens,Version Sport,2019
162324,Ulric de Varens,Version Wood,2017
162325,Ulric de Varens,Violette Délicate,2009
162326,Ulrich Lang,17 Nandan Road,2018
162327,Ulrich Lang,Anvers,2003
162328,Ulrich Lang,Anvers2,2007
162329,Ulrich Lang,Aperture,2014
162330,Ulrich Lang,APSU,2016
162331,Ulrich Lang,Lethe,2021
162332,Ulrich Lang,Lightscape,2012
162333,Ulrich Lang,Nightscape,2009
162334,Ulrich Lang,Suncrest,2023
162335,Ulta Beauty,Cashmere Crush,2024
162336,Ulta Beauty,Coconut Coast,2024
162337,Ulta Beauty,Daydream Skies,2024
162338,Ulta Beauty,Pistachio Pop,
162339,Ulta Beauty,Sunny Daze,2024
162340,Ulta Beauty,Vanilla Velour,2024
162341,Ulta Beauty,Watermelon Waves,2024
162342,Ultra Niche Parfums,Bold Fusion,2022
162343,Ultra Niche Parfums,Bulgarian Tobacco,2022
162344,Ultra Niche Parfums,California Privé,2026
162345,Ultra Niche Parfums,Golden Dune,2022
162346,Ultra Niche Parfums,Herbal Kicks,2025
162347,Ultra Niche Parfums,London Rouge,2022
162348,Ultra Niche Parfums,Malta Encore,2026
162349,Ultra Niche Parfums,Oud Blanc,2022
162350,Ultra Niche Parfums,Ultra Oud,2024
162351,Ulyka Parfums,Nota Loca,2024
162352,Ulyka Parfums,Nota Lucky,2025
162353,Ulyka Parfums,Nota Sugar,2024
162354,Ulyka Parfums,Nota Tonka,2025
162355,Ulyka Parfums,Nota Vanilla,2024
162356,Umbro,90 Blue,
162357,Umbro,90 Red,
162358,Umbro,90 White,
162359,Umbro,Blue,
162360,Umbro,Elite X for Men Power,
162361,Umbro,Elite X for Men Premier,
162362,Umbro,Elite X for Men Skill,
162363,Umbro,Elite X for Men Speed,
162364,Umbro,Elite X Woman Exceed,
162365,Umbro,Elite X Woman Excellence,
162366,Umbro,Elite X Woman Exotic,
162367,Umbro,Elite X Woman Exquisite,
162368,Umbro,Energy,
162369,Umbro,Evolution X Elite,
162370,Umbro,Evolution X Energy,
162371,Umbro,Evolution X Innovation,
162372,Umbro,Ice,
162373,Umbro,Power,
162374,Umbro,Umbro Action,
162375,Umer Hasan Bhatti,Dastan e Naranj,2025
162376,Umma Perfumes,Alphonso Oud,2025
162377,Umma Perfumes,Blue Waters,2024
162378,Umma Perfumes,Bois Verts,2024
162379,Umma Perfumes,Vanilla Berry,2024
162380,Ümore,Hardbacco,2024
162381,Ümore,Pepperfield,2024
162382,Ümore,Purplecandy,2024
162383,Un Monde Nouveau,Cherry Cherie,1993
162384,Un Monde Nouveau,Lovin' Geisha,1995
162385,Un Monde Nouveau,Midnight Star,1994
162386,Un Monde Nouveau,Rock Water,1993
162387,Un Monde Nouveau,Satan Instinct,1993
162388,Un Monde Nouveau,Savage Vanilla,1993
162389,Un Monde Nouveau,Virgin Spell,1993
162390,Uncommon James,Hard Feelings,2024
162391,UNDER THE PERGOLA,Bless,2023
162392,UNDER THE PERGOLA,Ch.r,2026
162393,UNDER THE PERGOLA,Cheers,2024
162394,UNDER THE PERGOLA,D.V,2025
162395,UNDER THE PERGOLA,Deokum,2025
162396,UNDER THE PERGOLA,DEULSU:M,2024
162397,UNDER THE PERGOLA,Divine,2026
162398,UNDER THE PERGOLA,FILTER,2026
162399,UNDER THE PERGOLA,HEULK,2023
162400,UNDER THE PERGOLA,HWACHO,2024
162401,UNDER THE PERGOLA,Julgi,2025
162402,UNDER THE PERGOLA,Keopjil,2024
162403,UNDER THE PERGOLA,Modak,2023
162404,UNDER THE PERGOLA,MOKSEO,2023
162405,UNDER THE PERGOLA,Morae,2024
162406,UNDER THE PERGOLA,MU:GOO,2024
162407,UNDER THE PERGOLA,Mystic Allure,2023
162408,UNDER THE PERGOLA,NEUP,2023
162409,UNDER THE PERGOLA,O.T,2026
162410,UNDER THE PERGOLA,ONSIL,2024
162411,UNDER THE PERGOLA,P.D,2025
162412,UNDER THE PERGOLA,Pavilion,2025
162413,UNDER THE PERGOLA,R.S,2025
162414,UNDER THE PERGOLA,Seoneul,2024
162415,UNDER THE PERGOLA,Solong,2025
162416,UNDER THE PERGOLA,SOMTEOL. W,2024
162417,UNDER THE PERGOLA,SOMTEOL. Y,2024
162418,UNDER THE PERGOLA,Sonak,2024
162419,UNDER THE PERGOLA,SSWAEGI,2023
162420,UNDER THE PERGOLA,T.Y,2026
162421,UNDER THE PERGOLA,Trace,2025
162422,UNDER THE PERGOLA,UU,2025
162423,Undergreen,Black,2011
162424,Undergreen,Gold,2012
162425,Undergreen,Pink,2012
162426,Undergreen,White,2011
162427,Une Nuit a Bali,Fleur des Fleurs,
162428,Une Nuit a Bali,Mr. Vetiver,
162429,Une Nuit a Bali,Murmure des Dieux,
162430,Une Nuit a Bali,Suma Oriental,
162431,Une Nuit a Bali,Une Nuit à Bali,
162432,Une Nuit Nomade,Ambre Khandjar,2019
162433,Une Nuit Nomade,Bohemian Soul,2018
162434,Une Nuit Nomade,Chemin D'Amande,2025
162435,Une Nuit Nomade,Click Song,2022
162436,Une Nuit Nomade,Estrella de la Manana (Extrait de Parfum),2024
162437,Une Nuit Nomade,Fleur des Fleurs,2015
162438,Une Nuit Nomade,Fleur des Fleurs Une Nuit à Bali,2013
162439,Une Nuit Nomade,Jardins de Misfah,2019
162440,Une Nuit Nomade,Jardins de Misfah,2024
162441,Une Nuit Nomade,Love At First Sight,2023
162442,Une Nuit Nomade,Memory Motel,2017
162443,Une Nuit Nomade,Mr. Vetiver,2014
162444,Une Nuit Nomade,Murmure des Dieux,2016
162445,Une Nuit Nomade,Nothing but Sea and Sky,2020
162446,Une Nuit Nomade,Rose America,2017
162447,Une Nuit Nomade,Shade Of Blue,2026
162448,Une Nuit Nomade,Silver Saffron (Extrait de Parfum),2024
162449,Une Nuit Nomade,Spicy Road,2026
162450,Une Nuit Nomade,Sugar Leather,2023
162451,Une Nuit Nomade,Suma Oriental,2015
162452,Une Nuit Nomade,Sun Bleached,2021
162453,Une Nuit Nomade,Sun Bleached Extrait de Parfum,2026
162454,Une Nuit Nomade,Une Nuit à Bali,2013
162455,Unforgettable Moments,S.X.Y,2025
162456,Unic,Cocktail Passion,2016
162457,Unic,Coco Monoi,2016
162458,Unic,Coeur de Jasmin,2016
162459,Unic,Collection Originale - Cœur de Jasmin Jasmine Heart,2016
162460,Unic,Collection Originale - Cocktail Passion Passion Cocktail,2016
162461,Unic,Collection Originale - Coco Monoï Monoï Coco Unic 2016 Eau de Parfum,2016
162462,Unic,Collection Originale - Fleur de Coton Cotton Flower,
162463,Unic,Collection Originale - Fruits Rouges Red Fruits Unic Eau de Parfum,
162464,Unic,Collection Originale - Musc Blanc White Musk,
162465,Unic,Collection Originale - Pamplemousse Rose Pink Grapefruit,2016
162466,Unic,Collection Originale - Pivoine Peoney,2016
162467,Unic,Collection Originale - Tendre Rose Tender Rose,2016
162468,Unic,Collection Originale - Thé Blanc White Tea,
162469,Unic,Collection Originale - Thé Noir Black Tea,
162470,Unic,Collection Originale - Thé Rouge Red Tea,
162471,Unic,Collection Originale - Thé Vert Green Tea,2016
162472,Unic,Collection Originale - Vanille Gourmande Sweet Vanilla Unic Eau de Parfum,
162473,Unic,Collection Vanille - Hot Vanilla,2017
162474,Unic,Collection Vanille - Rose & Vanilla,2017
162475,Unic,Collection Vanille - Sexy Vanilla,2017
162476,Unic,Collection Vanille - Vanilla Colada,2017
162477,Unic,Cotton Flower,2020
162478,Unic,Fleur de Coton,2016
162479,Unic,Fleurs Blanches White Flowers Unic Eau de Parfum,
162480,Unic,Fruits Rouges,2016
162481,Unic,Golden Musk,2020
162482,Unic,Hot Vanilla,2017
162483,Unic,Musk Blanc,2016
162484,Unic,Nature is Lovely,2020
162485,Unic,Pamplemousse Rose,2016
162486,Unic,Pivoine,2016
162487,Unic,Rose & Vanilla,2017
162488,Unic,Sexy Vanilla,2017
162489,Unic,Sugar Delight,2020
162490,Unic,Sunny Monoï,2020
162491,Unic,Sweet Vanilla,2020
162492,Unic,Tendre Rose,2016
162493,Unic,The Blanc - White Tea,2016
162494,Unic,The Noir - Black Tea,2016
162495,Unic,Thé Rouge - Red Tea,2016
162496,Unic,The Vert,2016
162497,Unic,The Vert - Green Tea,2016
162498,Unic,Vanilla Colada,2017
162499,Unic,Vanille Gourmande,2016
162500,Unic,White Flowers,
162501,Unic,Wild Nature,2020
162502,Unico Perfume,ABCBA new alphabet,2025
162503,Unico Perfume,ImPossibile,2024
162504,Unico Perfume,Proibito,2022
162505,Unico Perfume,Unico,2022
162506,Unifrom,Bliss,2023
162507,Unifrom,Cannabloom,2024
162508,Unifrom,Cassis,2020
162509,Unifrom,Dawn,2023
162510,Unifrom,Florum,2025
162511,Unifrom,Frankincense,2023
162512,Unifrom,Limbo,2020
162513,Unifrom,Maghrib,2023
162514,Unifrom,Santalis,2026
162515,Unifrom,Winter Saga,2023
162516,Unika,c 1 – 3 Poivres,2025
162517,Unika,c 2 – Vanille Réglisse,2025
162518,Unika,c 3 – Fève Tonka Sésame,2025
162519,Unika,c 4 – Oud Osmanthus,2025
162520,Unika,c 5 – Cédrat Myrte Immortelle,2025
162521,Unika,c 6 – Santal Tabac,2025
162522,Union,Celtic Fire,2012
162523,Union,Gothic Bluebell,2012
162524,Union,Gunpowder Rose,2013
162525,Union,Holy Thistle,2012
162526,Union,Quince Mint & Moss,2012
162527,Union J,Amaze Me,2014
162528,Unique,Adlerholz,
162529,Unique,Cachemire Noir,
162530,Unique,Damaszener Rose,
162531,Unique,Écru,
162532,Unique,Florentiner Iris,
162533,Unique,Fougère,
162534,Unique,Französische Mandel,
162535,Unique,Havanna Tabak,
162536,Unique,Japanische Kirschblüte,
162537,Unique,Kaleidoscope,2016
162538,Unique,Karibische Kokosnuss,
162539,Unique,Kaschmirholz,2013
162540,Unique,Lumiere Du Ciel,2016
162541,Unique,Orangenblüte,
162542,Unique,Orientalischer Amber,
162543,Unique,Royal Amber Oud,2016
162544,Unique,Schwarze Johannisbeere,
162545,Unique,Tonkabohne,2013
162546,Unique,UNIQUE CHOICE Excellent,2025
162547,Unique,Waldhimbeere,
162548,Unique,Weißer Moschus,
162549,Unique,Woodmanity,2016
162550,Unique Art Parfum,AMBER & WOOD,2025
162551,Unique Art Parfum,Apple & Jasmine,2020
162552,Unique Art Parfum,Aqua di Mare Breeze,2020
162553,Unique Art Parfum,Aqua di Mare Cool,2020
162554,Unique Art Parfum,Aqua di Mare Deep,2020
162555,Unique Art Parfum,AXIOMA LEGACY,2024
162556,Unique Art Parfum,AXIOMA PRIME,2024
162557,Unique Art Parfum,AXIOMA RESOLUTE,2024
162558,Unique Art Parfum,AXIOMA TRIUMPH,2024
162559,Unique Art Parfum,Breeze & Vetiver,2025
162560,Unique Art Parfum,Citrus & Musk,2025
162561,Unique Art Parfum,easy daisy love me tender,2024
162562,Unique Art Parfum,easy daisy never ending violet,2024
162563,Unique Art Parfum,easy daisy pink around me,2024
162564,Unique Art Parfum,easy daisy so sweet peach,2024
162565,Unique Art Parfum,ELSE NOTHING Love Nuance,2024
162566,Unique Art Parfum,ELSE NOTHING Pure Passion,2024
162567,Unique Art Parfum,ELSE NOTHING Sunset Beach,2024
162568,Unique Art Parfum,ELSE NOTHING Tender Moment,2024
162569,Unique Art Parfum,Four Seasons Golden Mystery,2025
162570,Unique Art Parfum,Four Seasons Magic Moment,2025
162571,Unique Art Parfum,Four Seasons Perfect Sense,2025
162572,Unique Art Parfum,Four Seasons Sensual Dream,2025
162573,Unique Art Parfum,Icone de Style Cachemire,2020
162574,Unique Art Parfum,Icone de Style Coton,2020
162575,Unique Art Parfum,Icone de Style Poudre,2020
162576,Unique Art Parfum,Icone de Style Velours,2020
162577,Unique Art Parfum,Imperatrice de Charme Clarté,2020
162578,Unique Art Parfum,Imperatrice de Charme Envie,2020
162579,Unique Art Parfum,Imperatrice de Charme Frais,2020
162580,Unique Art Parfum,Imperatrice de Charme Plaisir,2020
162581,Unique Art Parfum,Imperatrice de Charme Vierge,2020
162582,Unique Art Parfum,Incognito Homme,2020
162583,Unique Art Parfum,Incognito Homme Aqua,2020
162584,Unique Art Parfum,IT’S MY LIFE CREDO № 01,2024
162585,Unique Art Parfum,IT'S MY LIFE CREDO № 03,2024
162586,Unique Art Parfum,IT’S MY LIFE CREDO № 04,2024
162587,Unique Art Parfum,IT'S MY LIFE Credo №02,2024
162588,Unique Art Parfum,JUST FOR YOU ENJOY THE MOMENT,2020
162589,Unique Art Parfum,JUST FOR YOU FOLLOW YOUR HEART,2020
162590,Unique Art Parfum,JUST FOR YOU NEVER SAY NEVER,2020
162591,Unique Art Parfum,No One Amber,2025
162592,Unique Art Parfum,No One Grass,2025
162593,Unique Art Parfum,No One Oakwood,2025
162594,Unique Art Parfum,Patchouli & Maracuja,2020
162595,Unique Art Parfum,UNIQUE CHOICE Beautiful,2025
162596,Unique Art Parfum,UNIQUE CHOICE Lovely,2025
162597,Unique Art Parfum,Vanilla & Sandal,2020
162598,Unique Art Parfum,WEEQND 01 Q IS QUEEN,2026
162599,Unique Art Parfum,Weeqnd 02 Imperatrice de Charme,2026
162600,Unique Art Parfum,Weeqnd 03 Africa,2026
162601,Unique Art Parfum,Weeqnd 04 My Princess,2026
162602,Unique Art Parfum,WEEQND 05 I Love Candy,2026
162603,Unique Art Parfum,WEEQND 06 Dear Peony,2026
162604,Unique Art Parfum,Weeqnd 07 Kirkana,2026
162605,Unique Art Parfum,WEEQND 08 HAYAT EMIRATES,2026
162606,Unique Art Parfum,WEEQND 09 Fleur Addict,2026
162607,Unique Art Parfum,Weeqnd 10 Be a Bad Girl,2026
162608,Unique'e Luxury,Akdeniz,2019
162609,Unique'e Luxury,Aphrodisiac Touch,2018
162610,Unique'e Luxury,Beril,2019
162611,Unique'e Luxury,Beverly Hills Exclusive,2021
162612,Unique'e Luxury,Chicelle,2026
162613,Unique'e Luxury,Chocolate Makes Me Happy,2019
162614,Unique'e Luxury,Chypre Toscano,2018
162615,Unique'e Luxury,Crush On Me,2021
162616,Unique'e Luxury,D'Olcezza,2026
162617,Unique'e Luxury,Harmonized Senses,2019
162618,Unique'e Luxury,Hidden Accords,2018
162619,Unique'e Luxury,Istanbul,2018
162620,Unique'e Luxury,Izmir,2018
162621,Unique'e Luxury,Kutay,2019
162622,Unique'e Luxury,Mangonifiscent,2023
162623,Unique'e Luxury,Mashumaro,2023
162624,Unique'e Luxury,Ocean The Rive,2025
162625,Unique'e Luxury,SoScentific,2019
162626,Unique'e Luxury,Woud And Mood,2018
162627,Unique'e Luxury,Woud And Mood Absolute,2024
162628,Unique'e Luxury,Zen’gi,2023
162629,Unique / MyParfum,Addicted,
162630,Unique / MyParfum,Almond Blossom,
162631,Unique / MyParfum,Amuse me!,
162632,Unique / MyParfum,Andalusische Orange,
162633,Unique / MyParfum,Apfelblüte,
162634,Unique / MyParfum,Asiatischer Lotus,
162635,Unique / MyParfum,Back to Basics,
162636,Unique / MyParfum,Background by MyParfuem,
162637,Unique / MyParfum,Barrique,
162638,Unique / MyParfum,Berlin Fashion,
162639,Unique / MyParfum,Blaue Zeder,
162640,Unique / MyParfum,Blue Ocean,
162641,Unique / MyParfum,Bourbon Vanille,
162642,Unique / MyParfum,Candy,
162643,Unique / MyParfum,Cassisblüte,
162644,Unique / MyParfum,Casual Man,
162645,Unique / MyParfum,Casual Woman,
162646,Unique / MyParfum,Charismatic,
162647,Unique / MyParfum,Danse au Printemps pour Femme,
162648,Unique / MyParfum,Danse au Printemps pour Homme,
162649,Unique / MyParfum,Diving Deep,
162650,Unique / MyParfum,Dream Man,
162651,Unique / MyParfum,Dynamic,
162652,Unique / MyParfum,Enchantée,
162653,Unique / MyParfum,Essence Mondaine,
162654,Unique / MyParfum,Extravagant,
162655,Unique / MyParfum,Fashion Time,
162656,Unique / MyParfum,Feminine,
162657,Unique / MyParfum,Fruitylicious,
162658,Unique / MyParfum,Gentle,
162659,Unique / MyParfum,Geranie,
162660,Unique / MyParfum,Glamourous,
162661,Unique / MyParfum,Glamourous Me,
162662,Unique / MyParfum,Grüne Minze,
162663,Unique / MyParfum,Grüner Apfel,
162664,Unique / MyParfum,Grüner Tee,
162665,Unique / MyParfum,Honigmelone,
162666,Unique / MyParfum,Il Bruto,
162667,Unique / MyParfum,Indisches Patschuli,
162668,Unique / MyParfum,Kalabrische Bergamotte,
162669,Unique / MyParfum,Lilie,
162670,Unique / MyParfum,Madame No. 1,
162671,Unique / MyParfum,Maiglöckchen,
162672,Unique / MyParfum,Mandarine,
162673,Unique / MyParfum,Mango,
162674,Unique / MyParfum,Masculine,
162675,Unique / MyParfum,Mexikanische Tuberose,
162676,Unique / MyParfum,Morpheus,
162677,Unique / MyParfum,Mysterious,
162678,Unique / MyParfum,Natural,
162679,Unique / MyParfum,Natürliche Gräser,
162680,Unique / MyParfum,Opulento,
162681,Unique / MyParfum,Orchidee,
162682,Unique / MyParfum,Osmanthus,
162683,Unique / MyParfum,Ozeanisches Aqua,
162684,Unique / MyParfum,Perfect Dream,
162685,Unique / MyParfum,Provence Lavendel,
162686,Unique / MyParfum,Pure,
162687,Unique / MyParfum,Rodeo,
162688,Unique / MyParfum,Sandelholz,
162689,Unique / MyParfum,Sensual Emotions,
162690,Unique / MyParfum,Sensual Woman,
162691,Unique / MyParfum,Serail,
162692,Unique / MyParfum,Silver,
162693,Unique / MyParfum,Sizilianische Zitrone,
162694,Unique / MyParfum,Sport for Her,
162695,Unique / MyParfum,Sport for Him,
162696,Unique / MyParfum,Sportlich (M),
162697,Unique / MyParfum,Sportlich (W),
162698,Unique / MyParfum,Sun,
162699,Unique / MyParfum,Tropische Ananas,
162700,Unique / MyParfum,Veilchenblatt,
162701,Unique / MyParfum,Velvet Night,
162702,Unique / MyParfum,Venezianisches Veilchen,
162703,Unique / MyParfum,Vetiver,
162704,Unique / MyParfum,Warme Gewürze,
162705,Unique / MyParfum,Weißer Jasmin,
162706,Unique / MyParfum,White Tea,
162707,Unique / MyParfum,Wildleder,
162708,Unique / MyParfum,Ylang Ylang,
162709,United Colors & Prestige Beauty,Sun Moon Stars,2015
162710,United Colors & Prestige Beauty,Sun Moon Stars Emerald Pour Homme,2024
162711,United Colors & Prestige Beauty,Sun Moon Stars For Her,2021
162712,United Colors & Prestige Beauty,Sun Moon Stars Mania Pour Homme,2024
162713,United Colors & Prestige Beauty,Sun Moon Stars Midnight,2022
162714,United Colors & Prestige Beauty,Sun Moon Stars Oro Pour Homme,2024
162715,United Colors & Prestige Beauty,Sun Moon Stars Pour Homme,2024
162716,United Colors & Prestige Beauty,Tribu,2015
162717,United Colors & Prestige Beauty,Tribu Black Pour Homme,2025
162718,United Colors & Prestige Beauty,Tribu Blue Pour Homme,2025
162719,United Colors & Prestige Beauty,Tribu Iconic,2025
162720,United Colors & Prestige Beauty,Tribu Italiano,2025
162721,United Colors & Prestige Beauty,Tribu Luscious Pink,2025
162722,United Colors & Prestige Beauty,Tribu Man,2025
162723,United Colors & Prestige Beauty,Tribu Untold,2025
162724,United Scents of America,Arizona,2015
162725,United Scents of America,California,2012
162726,United Scents of America,Florida,2012
162727,United Scents of America,Georgia,2015
162728,United Scents of America,Hawaii,2013
162729,United Scents of America,Love Wins,2015
162730,United Scents of America,Massachusetts,2013
162731,United Scents of America,New Jersey,2012
162732,United Scents of America,New York,2012
162733,United Scents of America,Texas,2012
162734,United Space of Solution,Leere Intention,2023
162735,Unitop,Pandora Beaute,
162736,Unitop,Pandora Espoir,
162737,Unitop,Pandora Mystere,
162738,Universal Flowering,Big Night,2025
162739,Universal Flowering,Bully Boy,2018
162740,Universal Flowering,Burst!,2016
162741,Universal Flowering,Daddy,2016
162742,Universal Flowering,Death Of A Ladies Man,2023
162743,Universal Flowering,Étude in Black,2025
162744,Universal Flowering,Fig Leaf,
162745,Universal Flowering,Gossamer Spirit,2021
162746,Universal Flowering,Heliotrope Milkbath,2016
162747,Universal Flowering,Holy Hell,2016
162748,Universal Flowering,Lilac No.4,2016
162749,Universal Flowering,Local Woman,
162750,Universal Flowering,MONA,2024
162751,Universal Flowering,Out of Focus,
162752,Universal Flowering,Pale Marble Movie,
162753,Universal Flowering,Pleasure Portrait,2016
162754,Universal Flowering,Poems One Through Twelve,2023
162755,Universal Flowering,Purple Afternoon,2016
162756,Universal Flowering,Rhapsody in Mauve,2020
162757,Universal Flowering,Saffron Flour,2023
162758,Universal Flowering,Seduction Theory,2024
162759,Universal Flowering,Summer Sauna,2016
162760,Universal Flowering,Venus in Tuberose,
162761,Universe,Moonstone,2025
162762,Universe,Pistachio Moon,2025
162763,Universe,Red Storm,2025
162764,Universe,Vanilla Star,2025
162765,Universe of Harth,Aura by Undone,
162766,Universe of Harth,Centre Court,
162767,Universe of Harth,Denim,
162768,Universe of Harth,Harth,
162769,Universe of Harth,Human,
162770,Universe of Harth,O.O.O,
162771,Universe of Harth,Prequel to Summer,
162772,Universe of Harth,Seasonally Depressed,
162773,Universo Garden Angels,Arcángeles - Chamuel,
162774,Universo Garden Angels,Arcángeles - Gabriel,
162775,Universo Garden Angels,Arcángeles - Jofiel,
162776,Universo Garden Angels,Lovers,
162777,UNIYU,Fernweh,
162778,UNIYU,Kismet,
162779,UNIYU,Lucide,
162780,UNIYU,Mirage,
162781,Unomismo,Deep Of Atlantis,2022
162782,Unomismo,Derkomaï,2022
162783,Unomismo,Poudre de fée,2022
162784,Unomismo,Soul Of Pirate,2022
162785,Unomismo,Velvet Swan,2024
162786,Unscripted,Absolute Thrill,2025
162787,Unscripted,Carpe Diem,2025
162788,Unscripted,Fatal Sway,2025
162789,Unscripted,Go Rogue,2025
162790,Unscripted,Gone on a Date,2025
162791,Unscripted,In The Dark,2025
162792,Unscripted,Moment's Notice,2025
162793,Unscripted,Never Say Never,2025
162794,Unscripted,Rebel Journey,2025
162795,Unscripted,Sensual Smoke,2025
162796,Unscripted,The Night Is Young,2025
162797,Unscripted,Wooood,2025
162798,UNTAMED,Black Bird,2022
162799,UNTAMED,Chocolate Earth,2021
162800,UNTAMED,Dancing In The Flames,2024
162801,UNTAMED,Ghost,2024
162802,UNTAMED,I've Known Giants,2025
162803,UNTAMED,Mevlana - In The Medieval City,2021
162804,UNTAMED,My Greek Lover,2022
162805,UNTAMED,Running With The Wolves,2021
162806,UNTAMED,Salish Sea,2022
162807,UNTAMED,Shaped by The Wild,2021
162808,UNTITLED,UNTITLED No. 1 by Yosh Han,2006
162809,UNTITLED,UNTITLED No. 2 by Tristan Brando,
162810,UNTITLED,UNTITLED No. 3 by Sarah Horowitz,
162811,UNTITLED,UNTITLED No. 4 by Sarah Barton-King,2000
162812,UNTITLED,Untitled No. 5 by Maria McElroy,2000
162813,UNTITLED,UNTITLED No.6 by Susanne Lang,2011
162814,UNTITLED,UNTITLED No.7 by Hilde Soliani,2011
162815,UNTITLED,UNTITLED No.8 by Brent Leonesio,2011
162816,UNVAIN,001 TAJ,2025
162817,Unvanish,First Body,
162818,Unvanish,Foggy Hinoki Forest,
162819,Unvanish,Long Last Vanilla,2025
162820,Unvanish,Pear Cascade,2025
162821,Unvanish,Sea of Green,2025
162822,Unvanish,The Third Night With Jin,2025
162823,Unvanish,Virgin Fantasy,
162824,Unvanish,Vital Movement,2025
162825,Unvanish,Water Garden,2025
162826,Unvanish,White Cuddle,2025
162827,unvisual/parfums,Happiness,2017
162828,unvisual/parfums,Madness,2017
162829,unvisual/parfums,Sadness,2017
162830,UpShots,Fly High,2020
162831,UpShots,Spring Glow,2020
162832,UpShots,Tropical Tribe,2020
162833,Уральские самоцветы (Ural Gems),Сказочные,1960
162834,Уральские самоцветы (Ural Gems),Лунник,1961
162835,Уральские самоцветы (Ural Gems),Стрелы Амура,1970
162836,Уральские самоцветы (Ural Gems),Каменный Пояс одеколон,1980
162837,Уральские самоцветы (Ural Gems),Уральские Зори,
162838,Уральские самоцветы (Ural Gems),Изумруд (Emerald),1970
162839,Уральские самоцветы (Ural Gems),Яшма (Jasper),1970
162840,Уральские самоцветы (Ural Gems),Огни Октября (October Lights),1968
162841,Уральские самоцветы (Ural Gems),Горный хрусталь (Rhinestone),1970
162842,Уральские самоцветы (Ural Gems),Серебряное копытце (Silver Hoof),1971
162843,Уральские самоцветы (Ural Gems),Уральский Сувенир (Ural's Souvenir),
162844,Уральские самоцветы (Ural Gems),Уральская рябинушка (Uralskaya Ryabinushka),
162845,Уральские самоцветы (Ural Gems),День Победы - Victory Day,1985
162846,Уральские самоцветы (Ural Gems),Ивушка (Willow),1969
162847,Уральские самоцветы (Ural Gems),Ивушка Одеколон (Willow Cologne) (Eau de Cologne),1969
162848,Urania,Divine Nectar,
162849,Urania,Flowerotica,
162850,Urania,Fluid Nature,
162851,Urania,Lance of Love,
162852,Urania,Queer Magic,
162853,Urania,Self-Mythology,
162854,Urban Decay,Go Naked Perfume Oil,2017
162855,Urban Decay,Sin Perfume Oil,2004
162856,Urban Outfitters,Ambre Vanille,
162857,Urban Outfitters,Balsam Suede,
162858,Urban Outfitters,Bergamot Incense,
162859,Urban Outfitters,Citrus,
162860,Urban Outfitters,Crème Bleuets,2024
162861,Urban Outfitters,Crème Caramel,2024
162862,Urban Outfitters,Cypress Wood,
162863,Urban Outfitters,Fraise Meringuée,2024
162864,Urban Outfitters,Ind. - Cherried Urban Outfitters Eau de Parfum,
162865,Urban Outfitters,Ind. - Forest Bathing,
162866,Urban Outfitters,Ind. Fresh,
162867,Urban Outfitters,Ind. - Fresh Mx - Fresh,
162868,Urban Outfitters,Ind. Resin,
162869,Urban Outfitters,Ind. Salt,
162870,Urban Outfitters,Ind. Sandalwood,
162871,Urban Outfitters,Ind. Skin,
162872,Urban Outfitters,Ind. - Skin Mx - Skin,
162873,Urban Outfitters,Ind. Smoke,
162874,Urban Outfitters,Ind. - Smoke Mx - Smoke Urban Outfitters Eau de Parfum,
162875,Urban Outfitters,Ind. - Smoke Urban Outfitters 2023 Hair & Body Mist,2023
162876,Urban Outfitters,Macaron Pistache,2024
162877,Urban Outfitters,Onyx (Confidence),2015
162878,Urban Outfitters,Rose Quartz (Love),2015
162879,Urban Outfitters,Soufflé Vanille,2024
162880,Urban Outfitters,Tarte Au Citron,2024
162881,Urban Outfitters,Tiger's Eye (Strength),2015
162882,Urban Parfum,Broken Soul,2025
162883,Urban Parfum,Devil's Carneval,2025
162884,Urban Parfum,Feels Like Home,2025
162885,Urban Reivers,Damn Rebel Bitches,2016
162886,Urban Retreat,Rendezvous Night,
162887,Urban Retreat,Reverie,
162888,Urban Rituelle,Caramella,
162889,Urban Rituelle,Coconut & Lotus,
162890,Urban Rituelle,Cotton Candy,
162891,Urban Rituelle,Cucumber & Linden Blossom,
162892,Urban Rituelle,Geranium & Ginger Flower,
162893,Urban Rituelle,Ginger,
162894,Urban Rituelle,Island Blossom,
162895,Urban Rituelle,Lemongrass Blend,
162896,Urban Rituelle,Mango Milk,
162897,Urban Rituelle,Peach Blossom,
162898,Urban Rituelle,Pomegranate,
162899,Urban Rituelle,Vanilla,
162900,Urban Rituelle,Vanilla Blend,
162901,Urban Scents,Ber Cavok,2019
162902,Urban Scents,Bliss Me,2018
162903,Urban Scents,Dark Vanilla,2018
162904,Urban Scents,Desert Rose,2016
162905,Urban Scents,Eden Splash,2018
162906,Urban Scents,Fatal/E,2018
162907,Urban Scents,Gunpowder Cologne (Eau de Cologne),2016
162908,Urban Scents,In Between,2018
162909,Urban Scents,Lost Paradise,2016
162910,Urban Scents,Lullaby,2026
162911,Urban Scents,Sensual Blend,2016
162912,Urban Scents,Singular Oud,2016
162913,Urban Scents,Vegan Musk,2024
162914,Urban Scents,Vetiver Reunion,2017
162915,Urban Scents,Wonderland,2018
162916,URBANBEAST,Billionaires' Jungle,2026
162917,URBANBEAST,Out for Legend,2026
162918,URBANBEAST,Walk the Show,2026
162919,URBIETA14,Enbata,2021
162920,URBIETA14,Esentzia54,2021
162921,URBIETA14,Kresala,2021
162922,URBIETA14,Lainoa,2021
162923,URBIETA14,Lurra,2021
162924,URBIETA14,Ondarea,2021
162925,URBIS PARFUMS,Agros,2023
162926,URBIS PARFUMS,AlULA,2023
162927,URBIS PARFUMS,Amber & More...,2024
162928,URBIS PARFUMS,Bali,2026
162929,URBIS PARFUMS,Bordeaux,2023
162930,URBIS PARFUMS,Chocolate & Incense,2024
162931,URBIS PARFUMS,Coffee & Rose,2024
162932,URBIS PARFUMS,COMO,2024
162933,URBIS PARFUMS,CUBA,2023
162934,URBIS PARFUMS,Islay,2024
162935,URBIS PARFUMS,Krabi,
162936,URBIS PARFUMS,Luxor,2023
162937,URBIS PARFUMS,Marrakesh,2023
162938,URBIS PARFUMS,Monaco,2023
162939,URBIS PARFUMS,Monastir,2023
162940,URBIS PARFUMS,Nairobi,2023
162941,URBIS PARFUMS,Patchuli & Taif Rose,2024
162942,URBIS PARFUMS,Peach & Black Tea,2024
162943,URBIS PARFUMS,Raspberry & Oud,2024
162944,URBIS PARFUMS,Rose & Musk,2024
162945,URBIS PARFUMS,Rum & Vanilla,2024
162946,URBIS PARFUMS,Saffron & Cocoa,2024
162947,URBIS PARFUMS,Samarkand,2023
162948,URBIS PARFUMS,Sofia,2023
162949,URBIS PARFUMS,Spice & Luban,2024
162950,URBIS PARFUMS,Tokyo,2023
162951,URBIS PARFUMS,Vegas,2023
162952,URBIS PARFUMS,Vienna,2024
162953,Usher,Femme by Usher,2018
162954,Usher,Homme by Usher,2018
162955,Usher,UR for Men,2008
162956,Usher,UR for Women,2008
162957,Usher,Usher He,2007
162958,Usher,Usher She,2007
162959,Usher,Usher VIP,2009
162960,Ussy Pratama,In Bed With Ussy Pratama,2021
162961,Usual Parfums,Away Days № 19-23,2021
162962,Usual Parfums,Bergamore,2023
162963,Usual Parfums,Bergamore Limited Edition,2024
162964,Usual Parfums,Blush,2023
162965,Usual Parfums,Canggu Days № 07-03,2020
162966,Usual Parfums,Citrus & Tonka,2020
162967,Usual Parfums,Contemporary Cologne (Eau de Cologne),2025
162968,Usual Parfums,Eau de Steeze № 07-89,2020
162969,Usual Parfums,Fabs № 05-01,2020
162970,Usual Parfums,Friday Night № 05-02,2021
162971,Usual Parfums,Gentle Ginger № 07-05,2020
162972,Usual Parfums,Jasmine Bouquet № 07-06,2021
162973,Usual Parfums,Nothing,2022
162974,Usual Parfums,One Of A Kind,2023
162975,Usual Parfums,Out of Shower № 07-01,2020
162976,Usual Parfums,Rose Solace,2023
162977,Usual Parfums,Rose Supreme,2023
162978,Usual Parfums,Smells Like Nothing,2023
162979,Usual Parfums,Smells Like Victory № 19-23,2021
162980,Usual Parfums,Unusual Orris,2023
162981,Utopic,Black Valley,2025
162982,Uttori 五朵里,Alley 老街,2025
162983,Uttori 五朵里,Bamboo Path 竹径,
162984,Uttori 五朵里,Black Shelter 乌篷,2025
162985,Uttori 五朵里,Black Wood 黑木,
162986,Uttori 五朵里,Cedre Fume 松烟,2024
162987,Uttori 五朵里,Emerald Lush 绿衣,
162988,Uttori 五朵里,Farouche 轻狂,
162989,Uttori 五朵里,Ginger Lily 姜百合,2026
162990,Uttori 五朵里,Gold 大吉,2026
162991,Uttori 五朵里,Green Pine 青松,
162992,Uttori 五朵里,Imperial Bloom 香玉,
162993,Uttori 五朵里,Ink 墨,
162994,Uttori 五朵里,Inking Spring 春染,2025
162995,Uttori 五朵里,Jeune 年少,
162996,Uttori 五朵里,La Mer 海,
162997,Uttori 五朵里,Le Feu 火,
162998,Uttori 五朵里,Lights 光,
162999,Uttori 五朵里,Moss Rock 苔庭,
163000,Uttori 五朵里,Musc Noir 麝墨,