product_id,brand_name,product_name,price_try,currency,seller_name,purchase_url,volume_ml,match_confidence,source_product_name,checked_at
24318,Bath & Body Works,Bourbon Bath & Body Works Body Spray (Body Mist),1699.0,TRY,bathandbodyworks.com.tr,https://www.bathandbodyworks.com.tr/bourbon-vucut-spreyi-BBW28023038,,1.0,Bourbon / Vücut Spreyi,2026-10-01T16:30:19.387452+00:00
24563,Bath & Body Works,Force Flow Body Spray (Body Mist),1699.0,TRY,bathandbodyworks.com.tr,https://www.bathandbodyworks.com.tr/force-flow-vucut-spreyi-BBW28026609,,1.0,Force Flow / Vücut Spreyi,2026-10-01T16:30:19.863868+00:00
24767,Bath & Body Works,Japanese Cherry Blossom,3899.0,TRY,bathandbodyworks.com.tr,https://www.bathandbodyworks.com.tr/japanese-cherry-blossom-parfum-BBW28021013,,1.0,Japanese Cherry Blossom / Parfüm,2026-10-01T16:30:20.248769+00:00
24771,Bath & Body Works,Japanese Cherry Blossom Eau de Parfum,3899.0,TRY,bathandbodyworks.com.tr,https://www.bathandbodyworks.com.tr/japanese-cherry-blossom-parfum-BBW28021013,,0.969,Japanese Cherry Blossom / Parfüm,2026-10-01T16:30:20.257552+00:00
25001,Bath & Body Works,Peach Blossom & Nectar,3899.0,TRY,bathandbodyworks.com.tr,https://www.bathandbodyworks.com.tr/peach-blossom-nectar-parfum-BBW28024169,,1.0,Peach Blossom & Nectar / Parfüm,2026-10-01T16:30:20.708903+00:00
121536,Oriflame,Amber Elixir Mystery,1199.0,TRY,tr.oriflame.com,https://tr.oriflame.com/products/product?code=35681,,1.0,Amber Elixir Mystery EdP,2026-10-01T16:30:15.628722+00:00
121544,Oriflame,Ascendant,2099.0,TRY,tr.oriflame.com,https://tr.oriflame.com/products/product?code=42490,,1.0,Ascendant Ascendant EdT,2026-10-01T16:30:15.654073+00:00
121557,Oriflame,Be The Legend,899.0,TRY,tr.oriflame.com,https://tr.oriflame.com/products/product?code=30468,,1.0,Be the Legend Be the Legend EdT,2026-10-01T16:30:15.694973+00:00
121593,Oriflame,Divine,2099.0,TRY,tr.oriflame.com,https://tr.oriflame.com/products/product?code=38497,,0.999,Divine Divine EdP,2026-10-01T16:30:15.807346+00:00
121594,Oriflame,Divine Dark Velvet,2099.0,TRY,tr.oriflame.com,https://tr.oriflame.com/products/product?code=46801,,1.0,Divine Divine Dark Velvet EdP,2026-10-01T16:30:15.810726+00:00
121606,Oriflame,Eclat Femme,999.0,TRY,tr.oriflame.com,https://tr.oriflame.com/products/product?code=42507,,1.0,Eclat Femme EdT,2026-10-01T16:30:15.849861+00:00
121613,Oriflame,Eclat Homme,999.0,TRY,tr.oriflame.com,https://tr.oriflame.com/products/product?code=42864,,1.0,Eclat Homme EdT,2026-10-01T16:30:15.873367+00:00
121683,Oriflame,Giordani Gold Essenza Man Elixir,1999.0,TRY,tr.oriflame.com,https://tr.oriflame.com/products/product?code=45967,,1.0,Giordani Gold Giordani Gold Essenza Man Elixir Parfüm,2026-10-01T16:30:16.097458+00:00
121687,Oriflame,Giordani Gold Essenza Supreme,1999.0,TRY,tr.oriflame.com,https://tr.oriflame.com/products/product?code=40683,,1.0,Giordani Gold Giordani Gold Essenza Supreme Parfüm,2026-10-01T16:30:16.114334+00:00
121690,Oriflame,Giordani Gold Man,1199.0,TRY,tr.oriflame.com,https://tr.oriflame.com/products/product?code=38538,,1.0,Giordani Gold Giordani Gold Man EdP,2026-10-01T16:30:16.128972+00:00
121691,Oriflame,Giordani Gold Man Eau de Parfum,1199.0,TRY,tr.oriflame.com,https://tr.oriflame.com/products/product?code=38538,,0.846,Giordani Gold Giordani Gold Man EdP,2026-10-01T16:30:16.133637+00:00
121697,Oriflame,Giordani Gold Woman Eau de Parfum,1199.0,TRY,tr.oriflame.com,https://tr.oriflame.com/products/product?code=38531,,0.86,Giordani Gold Giordani Gold Woman EdP,2026-10-01T16:30:16.159027+00:00
121703,Oriflame,Glacier,1299.0,TRY,tr.oriflame.com,https://tr.oriflame.com/products/product?code=35665,,1.0,Glacier Glacier EdT,2026-10-01T16:30:16.182579+00:00
121706,Oriflame,Glacier Extreme,1299.0,TRY,tr.oriflame.com,https://tr.oriflame.com/products/product?code=40667,,1.0,Glacier Glacier Extreme EdT,2026-10-01T16:30:16.193006+00:00
121709,Oriflame,Glacier Rock,1299.0,TRY,tr.oriflame.com,https://tr.oriflame.com/products/product?code=42816,,1.0,Glacier Rock EdT,2026-10-01T16:30:16.203653+00:00
121714,Oriflame,Greater for Her,949.0,TRY,tr.oriflame.com,https://tr.oriflame.com/products/product?code=43118,,1.0,Greater Greater for her EdT,2026-10-01T16:30:16.219651+00:00
121766,Oriflame,Love Potion Secrets,999.0,TRY,tr.oriflame.com,https://tr.oriflame.com/products/product?code=42815,,1.0,Love Potion Secrets EdP,2026-10-01T16:30:16.383529+00:00
121836,Oriflame,Nordic Waters for Him,999.0,TRY,tr.oriflame.com,https://tr.oriflame.com/products/product?code=38550,,0.998,Çok yakında yeniden stoklarda ( 629 ) Nordic Waters Nordic Waters for him Eau de Parfum,2026-10-01T16:30:16.606836+00:00
121900,Oriflame,Scope Earth Wonder,849.0,TRY,tr.oriflame.com,https://tr.oriflame.com/products/product?code=46057,,1.0,Scope Scope Earth Wonder EdT,2026-10-01T16:30:16.806773+00:00
122016,Oriflame,Women's Collection - Delicate Cherry Blossom,749.0,TRY,tr.oriflame.com,https://tr.oriflame.com/products/product?code=42828,,1.0,Women's Collection Women's Collection Delicate Cherry Blossom EdT,2026-10-01T16:30:17.165741+00:00
164424,Victoria's Secret,Bare Rose (Eau de Parfum),4000.0,TRY,victoriassecret.com.tr,https://www.victoriassecret.com.tr/victoria-s-secret-bare-rose-eau-de-parfum-VS26663400,,1.0,Bare Rose Eau de Parfum,2026-10-01T16:30:22.472770+00:00
164503,Victoria's Secret,Bombshell,4000.0,TRY,victoriassecret.com.tr,https://www.victoriassecret.com.tr/victoria-s-secret-bombshell-eau-de-parfum-VS26908461,,0.997,Bombshell Eau de Parfum,2026-10-01T16:30:22.862372+00:00
164510,Victoria's Secret,Bombshell Bronze,4000.0,TRY,victoriassecret.com.tr,https://www.victoriassecret.com.tr/victoria-s-secret-bombshell-bronze-eau-de-parfum-VS27155260,,1.0,Bombshell Bronze Eau de Parfum,2026-10-01T16:30:22.911878+00:00
164515,Victoria's Secret,Bombshell Eau de Parfum,4000.0,TRY,victoriassecret.com.tr,https://www.victoriassecret.com.tr/victoria-s-secret-bombshell-eau-de-parfum-VS26908461,,1.0,Bombshell Eau de Parfum,2026-10-01T16:30:22.938541+00:00
164529,Victoria's Secret,Bombshell Intense (Eau de Parfum),4000.0,TRY,victoriassecret.com.tr,https://www.victoriassecret.com.tr/victoria-s-secret-bombshell-intense-eau-de-parfum-VS26908465,,1.0,Bombshell Intense Eau de Parfum,2026-10-01T16:30:23.043170+00:00
164530,Victoria's Secret,Bombshell Intense Victoria's Secret Fragrance Mist,2500.0,TRY,victoriassecret.com.tr,https://www.victoriassecret.com.tr/victoria-s-secret-bombshell-intense-vucut-spreyi-VS26913482,,1.0,Bombshell Intense Vücut Spreyi,2026-10-01T16:30:23.055034+00:00
164550,Victoria's Secret,Bombshell Passion,4000.0,TRY,victoriassecret.com.tr,https://www.victoriassecret.com.tr/victoria-s-secret-bombshell-passion-eau-de-parfum-VS26908467,,1.0,Bombshell Passion Eau de Parfum,2026-10-01T16:30:23.197605+00:00
164551,Victoria's Secret,Bombshell Passion Victoria's Secret Fragrance Mist (Body Mist),2500.0,TRY,victoriassecret.com.tr,https://www.victoriassecret.com.tr/victoria-s-secret-bombshell-passion-vucut-spreyi-VS26913483,,1.0,Bombshell Passion Vücut Spreyi,2026-10-01T16:30:23.209810+00:00
164555,Victoria's Secret,Bombshell Seduction,4000.0,TRY,victoriassecret.com.tr,https://www.victoriassecret.com.tr/victoria-s-secret-bombshell-seduction-eau-de-parfum-VS26908463,,1.0,Bombshell Seduction Eau de Parfum,2026-10-01T16:30:23.229023+00:00
164556,Victoria's Secret,Bombshell Seduction Eau de Parfum,4000.0,TRY,victoriassecret.com.tr,https://www.victoriassecret.com.tr/victoria-s-secret-bombshell-seduction-eau-de-parfum-VS26908463,,1.0,Bombshell Seduction Eau de Parfum,2026-10-01T16:30:23.237160+00:00
164797,Victoria's Secret,Fearless Victoria's Secret Fragrance Mist (Body Mist),2350.0,TRY,victoriassecret.com.tr,https://www.victoriassecret.com.tr/victoria-s-secret-fearless-vucut-spreyi-VS26661949,,1.0,Fearless Vücut Spreyi,2026-10-01T16:30:24.416126+00:00
165672,Victoria's Secret,Tease,4000.0,TRY,victoriassecret.com.tr,https://www.victoriassecret.com.tr/victoria-s-secret-tease-eau-de-parfum-VS26267361,,0.981,Tease Eau de Parfum,2026-10-01T16:30:28.551998+00:00
165684,Victoria's Secret,Tease Eau de Parfum,4000.0,TRY,victoriassecret.com.tr,https://www.victoriassecret.com.tr/victoria-s-secret-tease-eau-de-parfum-VS26267361,,1.0,Tease Eau de Parfum,2026-10-01T16:30:28.636005+00:00
165696,Victoria's Secret,Tease Sugar Fleur,4000.0,TRY,victoriassecret.com.tr,https://www.victoriassecret.com.tr/victoria-s-secret-tease-sugar-fleur-eau-de-parfum-VS26486702,,1.0,Tease Sugar Fleur Eau de Parfum,2026-10-01T16:30:28.716239+00:00
165790,Victoria's Secret,Very Sexy,5500.0,TRY,victoriassecret.com.tr,https://www.victoriassecret.com.tr/victoria-s-secret-very-sexy-eau-de-parfum-VS26988710,,0.997,Very Sexy Eau de Parfum,2026-10-01T16:30:29.163979+00:00
165796,Victoria's Secret,Very Sexy Blush,4000.0,TRY,victoriassecret.com.tr,https://www.victoriassecret.com.tr/victoria-s-secret-very-sexy-blush-eau-de-parfum-50-ml-VS27144402,50.0,1.0,Very Sexy Blush Eau de Parfum 50 ml,2026-10-01T16:30:29.200305+00:00
165798,Victoria's Secret,Very Sexy Eau de Parfum,5500.0,TRY,victoriassecret.com.tr,https://www.victoriassecret.com.tr/victoria-s-secret-very-sexy-eau-de-parfum-VS26988710,,1.0,Very Sexy Eau de Parfum,2026-10-01T16:30:29.217409+00:00
165799,Victoria's Secret,Very Sexy Euphoric,4000.0,TRY,victoriassecret.com.tr,https://www.victoriassecret.com.tr/victoria-s-secret-very-sexy-euphoric-eau-de-parfum-50-ml-VS27087544,50.0,1.0,Very Sexy Euphoric Eau de Parfum 50 ml,2026-10-01T16:30:29.222564+00:00
165809,Victoria's Secret,Very Sexy Night,5500.0,TRY,victoriassecret.com.tr,https://www.victoriassecret.com.tr/victoria-s-secret-very-sexy-night-eau-de-parfum-VS26988715,,1.0,Very Sexy Night Eau de Parfum,2026-10-01T16:30:29.271577+00:00
165810,Victoria's Secret,Very Sexy Night Eau de Parfum,5500.0,TRY,victoriassecret.com.tr,https://www.victoriassecret.com.tr/victoria-s-secret-very-sexy-night-eau-de-parfum-VS26988715,,1.0,Very Sexy Night Eau de Parfum,2026-10-01T16:30:29.278216+00:00
165833,Victoria's Secret,Very Sexy Scarlet,4000.0,TRY,victoriassecret.com.tr,https://www.victoriassecret.com.tr/victoria-s-secret-very-sexy-scarlet-eau-de-parfum-VS26988720,,1.0,Very Sexy Scarlet Eau de Parfum,2026-10-01T16:30:29.411560+00:00
