pilot_id,master_product_id,brand_name,product_name,release_year
1,47802,Dior,Sauvage Extrait,2026
2,47752,Dior,Miss Dioramour,2026
3,47746,Dior,Miss Dior Parfum Roller-Pearl,2026
4,47722,Dior,Miss Dior Eau de Parfum Roller-Pearl,2026
5,47720,Dior,Miss Dior Eau de Parfum (2026),2026
6,47695,Dior,Miss Dior Blooming Bouquet Roller-Pearl,2026
7,47641,Dior,Jasmin des Anges Esprit de Parfum (Extrait de Parfum),2026
8,47617,Dior,J'adore Intense,2026
9,47634,Dior,J'Adore Shimmering Hair Mist,2026
10,47471,Dior,Dior Paradise,2026
11,47805,Dior,Sauvage Rare Blend,2025
12,47804,Dior,Sauvage Parfum Into The Wild,2025
13,47784,Dior,Rose Elixir Precieux,2014
14,47772,Dior,Poison Extrait de Parfum,2014
15,47758,Dior,Oud Elixir Precieux,2014
16,47754,Dior,Musc Elixir Precieux,2014
17,47676,Dior,Lily,1999
18,47606,Dior,J'adore (Eau de Parfum),1999
19,47742,Dior,Miss Dior Parfum,2024
20,47605,Dior,J'adore Dior Parfum Cheveux,
21,36832,Chanel,Sycomore Extrait de Parfum,2026
22,36803,Chanel,N°22 Extrait de Parfum,2026
23,36763,Chanel,Jersey Extrait de Parfum,2026
24,36755,Chanel,Gardénia Extrait de Parfum,2026
25,36732,Chanel,Cuir de Russie Extrait de Parfum,2026
26,36721,Chanel,Coromandel Extrait de Parfum,2026
27,36700,Chanel,Coco Mademoiselle Crush Absolu,2026
28,36687,Chanel,Chanel No 5 Parfum,2026
29,36678,Chanel,Chanel No 5 Eau de Toilette,2026
30,36630,Chanel,Bois des Iles Extrait de Parfum,2026
31,36619,Chanel,Beige Extrait de Parfum,2026
32,36582,Chanel,1957 Extrait de Parfum,2026
33,36784,Chanel,Les Exclusifs de Chanel Jersey Parfum,2014
34,36777,Chanel,Les Exclusifs de Chanel Beige Parfum,2014
35,36773,Chanel,Les Exclusifs de Chanel 1932 Parfum,2014
36,36761,Chanel,Jersey Chanel 2014 Parfum,2014
37,36592,Chanel,Allure Homme Chanel 1999 Lotion Après Rasage,1999
38,36594,Chanel,Allure Homme (Eau de Toilette),1999
39,36682,Chanel,Chanel No 5 Hair Mist,
40,36653,Chanel,Chance Hair Mist,
41,66839,Giorgio Armani,Sì Passione Red Bloom,2026
42,66822,Giorgio Armani,Sì Nude Bloom,2026
43,66781,Giorgio Armani,Power Of You,2026
44,66734,Giorgio Armani,I Will,2026
45,66717,Giorgio Armani,Emporio Armani Stronger With You Spices,2026
46,66715,Giorgio Armani,Emporio Armani Stronger With You Powerfully,2026
47,66640,Giorgio Armani,Cuir Rubis,2026
48,66639,Giorgio Armani,Cuir Nu Edition Murano,2026
49,66635,Giorgio Armani,Cuir Doré,2026
50,66460,Giorgio Armani,Acqua di Giò Eau de Parfum Intense,2026
51,66823,Giorgio Armani,Sì Parfum,2025
52,66841,Giorgio Armani,Si Passione Red Musk,2025
53,66815,Giorgio Armani,Sì Intense,2014
54,66804,Giorgio Armani,Sì Giorgio Armani 2014 Eau de Parfum Intense,2014
55,66845,Giorgio Armani,Si White,2014
56,66779,Giorgio Armani,Pivoine Suzhou,2014
57,66751,Giorgio Armani,Mania Giorgio Armani 1999 Eau de Parfum,1999
58,66753,Giorgio Armani,Mania (Parfum),1999
59,66526,Giorgio Armani,Armani Code Sheer 'For Women',
60,66740,Giorgio Armani,In Love With You Freeze,
61,171704,Yves Saint Laurent,Velours Flamboyant Rose,2026
62,171701,Yves Saint Laurent,Tuxedo Extrait de Parfum,2026
63,171569,Yves Saint Laurent,Muse Extrait de Parfum,2026
64,171571,Yves Saint Laurent,MYSLF Eau de Toilette Intense,2026
65,171521,Yves Saint Laurent,Libre Santal Couture,2026
66,171469,Yves Saint Laurent,La Nuit de L'Homme Eau de Parfum (2026),2026
67,171376,Yves Saint Laurent,Coeur Fetish Amber,2026
68,171359,Yves Saint Laurent,Blouse Extrait de Parfum,2026
69,171338,Yves Saint Laurent,Black Opium Pink Glaze,2026
70,171718,Yves Saint Laurent,Y Le Parfum 2025,2025
71,171715,Yves Saint Laurent,Y Iced Cologne (Eau de Cologne),2025
72,171702,Yves Saint Laurent,Tuxedo Sharp Patchouli,2025
73,171732,Yves Saint Laurent,YSL Paris L'Edition Venini,2014
74,171698,Yves Saint Laurent,Supreme Bouquet Luxury Edition,2014
75,171692,Yves Saint Laurent,Splendid Wood,2014
76,171652,Yves Saint Laurent,Paris Rebel Collector 2014,2014
77,171706,Yves Saint Laurent,Vice Versa,1999
78,171600,Yves Saint Laurent,Opium Fraicheur d'Orient,1998
79,171629,Yves Saint Laurent,Paris Bouton d'Or,
80,171430,Yves Saint Laurent,Kouros Édition Cuir,
81,34989,Carolina Herrera,Very Good Girl Hair Mist,2026
82,34978,Carolina Herrera,Stallion Leather Sirocco,2026
83,34961,Carolina Herrera,Peccato Nobile,2026
84,34926,Carolina Herrera,La Bomba Intensa,2026
85,34903,Carolina Herrera,Good Girl Polka Paradise,2026
86,34902,Carolina Herrera,Good Girl Murano,2026
87,34889,Carolina Herrera,Good Girl Crystal Class Collector's Edition,2026
88,34874,Carolina Herrera,Good Girl Blush Crystal Class Collector's Edition,2026
89,34862,Carolina Herrera,Fearless & Fabulous Dot Drama,2026
90,34849,Carolina Herrera,CH Swing,2026
91,34838,Carolina Herrera,CH Men Swing,2026
92,34756,Carolina Herrera,212 VIP Rosé Cab,2026
93,35009,Carolina Herrera,VIP Rosé Carolina Herrera 2014 Eau de Parfum,2014
94,34983,Carolina Herrera,Surf Men,2014
95,34982,Carolina Herrera,Surf,2014
96,34833,Carolina Herrera,CH Men Grand Tour,2014
97,34934,Carolina Herrera,Men Carolina Herrera 1999 Eau de Toilette,1999
98,34933,Carolina Herrera,Men Carolina Herrera 1999 After Shave,1999
99,35010,Carolina Herrera,VIP Rosé Carolina Herrera Body Fragrance,
100,34789,Carolina Herrera,Bad Boy Superstars,
101,67629,Givenchy,Tokyo Mystery,2026
102,67493,Givenchy,L’Interdit Elixir,2026
103,67537,Givenchy,London Confidential,2026
104,67507,Givenchy,L'Interdit Solid Perfume,2026
105,67504,Givenchy,L'Interdit Narcisse Blanc,2026
106,67451,Givenchy,Inséparables,2026
107,67372,Givenchy,Gentleman Society Sport,2026
108,67627,Givenchy,Tapageur,2025
109,67501,Givenchy,L’Interdit Le Parfum,2025
110,67481,Givenchy,L'Interdit Angélique Rouge,2025
111,67477,Givenchy,L'Enfant Terrible,2025
112,67465,Givenchy,Irrésistible Nectar Eau de Parfum,2025
113,67692,Givenchy,Ylang Austral,2014
114,67672,Givenchy,Very Irresistible L'Eau en Rose,2014
115,67620,Givenchy,Reve d'Escapade,2014
116,67587,Givenchy,Oud Flamboyant,2014
117,67595,Givenchy,Pi Givenchy 1999 Lotion Après Rasage,1999
118,67594,Givenchy,Pi Givenchy 1999 Eau de Parfum,1999
119,67253,Givenchy,Amarige Parfum Joyau,
120,67417,Givenchy,Hello Kitty,
121,91251,Lancôme,Ô Zenith Juicy Hair & Body Mist,2026
122,91247,Lancôme,Ô Oui Juicy Hair & Body Mist,2026
123,91246,Lancôme,Ô Oui,2026
124,91237,Lancôme,Ô Cool Juicy Hair & Body Mist,2026
125,91175,Lancôme,La Vie est Belle L'Elixir Very Cherry,2026
126,91196,Lancôme,La Vie Est Belle Vanille Nude Hair & Body Mist,2026
127,91180,Lancôme,La Vie Est Belle L'Original Hair & Body Mist,2026
128,91174,Lancôme,La Vie Est Belle L'Elixir Hair & Body Mist,2026
129,91139,Lancôme,La Nuit Trésor Rouge Drama,2026
130,91111,Lancôme,Idôle Peach ‘N Roses,2026
131,91084,Lancôme,Hidden by a Rose,2026
132,91258,Lancôme,Ôver The Top,2025
133,91307,Lancôme,Tresor L'Eau de Toilette,2014
134,91256,Lancôme,Oud Bouquet Eau de Parfum,2014
135,91161,Lancôme,La Vie Est Belle L’Absolu,2014
136,91169,Lancôme,La Vie Est Belle L'Eau de Toilette,2014
137,91075,Lancôme,et Une Rôse,1999
138,91245,Lancôme,O Oui!,1999
139,91143,Lancôme,La Vie est Belle Art Edition by Paola Vilas,
140,91286,Lancôme,Trésor Eau de Fraîcheur Parfumante,
141,80212,Jean Paul Gaultier,Scandal Pour Homme Elixir,2026
142,80204,Jean Paul Gaultier,Scandal Elixir,2026
143,80195,Jean Paul Gaultier,Santal Paname,2026
144,80194,Jean Paul Gaultier,Rose Palace,2026
145,80193,Jean Paul Gaultier,Musc Terrible,2026
146,80144,Jean Paul Gaultier,Le Male Pride Edition 2026,2026
147,80117,Jean Paul Gaultier,Le Male In Blue,2026
148,80082,Jean Paul Gaultier,Le Beau Narcisse,2026
149,80071,Jean Paul Gaultier,La Favorite,2026
150,80069,Jean Paul Gaultier,La Belle Rosea,2026
151,80049,Jean Paul Gaultier,French Oud,2026
152,80044,Jean Paul Gaultier,Fleur du Mâle,2026
153,80164,Jean Paul Gaultier,Le Mâle Summer Fragrance 2014,2014
154,80153,Jean Paul Gaultier,Le Male Summer 2014,2014
155,80135,Jean Paul Gaultier,Le Male Pin-Up Collectors Edition,2014
156,80107,Jean Paul Gaultier,Le Male Edition Collector,2014
157,80096,Jean Paul Gaultier,Le Mâle Cologne Tonique 1999 (Eau de Cologne),1999
158,80046,Jean Paul Gaultier,Fragile (Eau de Parfum),1999
159,79983,Jean Paul Gaultier,Classique Paillettes,
160,80166,Jean Paul Gaultier,Le Male Superman,
161,34126,Calvin Klein,Smooth Berry Body Mist,2026
162,34120,Calvin Klein,Satin Cream Body Mist,2026
163,34086,Calvin Klein,Euphoria Solar Elixir,2026
164,34085,Calvin Klein,Euphoria Signature Elixir,2026
165,34080,Calvin Klein,Euphoria Magnetic Elixir,2026
166,34064,Calvin Klein,Euphoria Bold Elixir,2026
167,34010,Calvin Klein,Eternity for Men Suede Essence,2026
168,34028,Calvin Klein,Eternity For Women Suede Essence,2026
169,33920,Calvin Klein,CK One Night Essence,2026
170,34125,Calvin Klein,Silky Coconut Body Mist,2025
171,34124,Calvin Klein,Sheer Peach Body Mist,2025
172,34093,Calvin Klein,Nude Vanilla Body Mist,2025
173,34117,Calvin Klein,Reveal,2014
174,34090,Calvin Klein,Liquid Gold Euphoria Men,2014
175,34089,Calvin Klein,Liquid Gold Euphoria,2014
176,34077,Calvin Klein,Euphoria Gold Men,2014
177,33956,Calvin Klein,Contradiction for Men Calvin Klein 1999 Eau de Toilette,1999
178,33955,Calvin Klein,Contradiction for Men Calvin Klein 1999 After Shave,1999
179,34026,Calvin Klein,Eternity for Women Aromatic Essence,2024
180,34101,Calvin Klein,Obsessed Intense,
181,75055,Hugo Boss,Unapologetic Bergamot,2026
182,74927,Hugo Boss,Boss The Scent for Her Eau de Parfum Intense,2026
183,74921,Hugo Boss,Boss The Scent Eau de Parfum Intense,2026
184,74834,Hugo Boss,Boss Bottled Striking Lavender,2026
185,74810,Hugo Boss,Boss Bottled Beyond for Her,2026
186,74809,Hugo Boss,Boss Bottled Beyond Eau de Toilette Intense,2026
187,74804,Hugo Boss,Boss Alive Sparkling Lavender,2026
188,75022,Hugo Boss,The Collection Exuberant Geranium,2025
189,74999,Hugo Boss,Hugo x Krink,2025
190,75000,Hugo Boss,Hugo X Superman,2025
191,74811,Hugo Boss,Boss Bottled Bold Citrus,2025
192,74808,Hugo Boss,Boss Bottled Beyond,2025
193,74884,Hugo Boss,Boss Nuit Pour Femme Intense,2014
194,74875,Hugo Boss,Boss Ma Vie Pour Femme,2014
195,74840,Hugo Boss,Boss Bottled Unlimited,2014
196,74813,Hugo Boss,Boss Bottled Collector's Edition,2014
197,74966,Hugo Boss,Hugo Dark Blue Hugo Boss 1999 Eau de Toilette,1999
198,74965,Hugo Boss,Hugo Dark Blue (After Shave),1999
199,74959,Hugo Boss,Enigmatic Saffiano,
200,74873,Hugo Boss,Boss Ma Vie Florale,
201,32826,Bvlgari,Omnia Amethyste Eau de Parfum,2026
202,32733,Bvlgari,Eau Parfumée Thé Impérial,2026
203,32704,Bvlgari,Bvlgari Man Wood Essence Parfum,2026
204,32674,Bvlgari,Baciami Ancora,2026
205,32880,Bvlgari,Tygar x Refik Anadol,2025
206,32853,Bvlgari,Polychroma Vitae,2025
207,32852,Bvlgari,Polychroma Fortunae,2025
208,32851,Bvlgari,Polychroma Astrae,2025
209,32789,Bvlgari,Le Gemme Tygar Extrait,2025
210,32745,Bvlgari,Insieme,2025
211,32734,Bvlgari,Eau Parfumée Thé Vert 2025,2025
212,32732,Bvlgari,Eau Parfumée Thé Blanc 2025,2025
213,32846,Bvlgari,Opera Prima,2014
214,32840,Bvlgari,Omnia Indian Garnet,2014
215,32821,Bvlgari,Noorah,2014
216,32807,Bvlgari,Maravilla,2014
217,32714,Bvlgari,Bvlgari pour Homme Extrême,1999
218,32686,Bvlgari,Bvlgari Extreme,1999
219,32785,Bvlgari,Le Gemme - Sahare,2024
220,32792,Bvlgari,Le Gemme - Zahira,2015
221,112420,Mugler,Starlicious Pistachio Praline,2026
222,112419,Mugler,Starlicious Pineapple Musk,2026
223,112418,Mugler,Starlicious Berry Licorice,2026
224,112246,Mugler,Angel Blush,2026
225,112324,Mugler,Angel Stellar,2025
226,112230,Mugler,Alien Pulp,2025
227,112204,Mugler,Alien Extraintense,2025
228,112181,Mugler,A*Men Stellar,2025
229,112286,Mugler,Angel Fantasm,2024
230,112212,Mugler,Alien Hypersense,2024
231,112165,Mugler,A*Men Fantasm,2024
232,112272,Mugler,Angel Elixir Fantasy 2023,2023
233,112421,Mugler,Supra Floral,2014
234,112413,Mugler,Over The Musk,2014
235,112411,Mugler,Oriental Express,2014
236,112383,Mugler,Les Exceptions - Supra Floral,2014
237,112348,Mugler,Innocent,1998
238,112164,Mugler,A*Men Angel Men,1996
239,112280,Mugler,Angel Étoile Immaculée Immaculate Star,
240,112236,Mugler,Alien Talisman Bijou 24 Carats,
241,85711,Kenzo,L'Eau Ambrée,2026
242,85769,Kenzo,Le Rouge Flower by Kenzo,2025
243,85765,Kenzo,L'Eau Pure,2025
244,85658,Kenzo,Kenzo Jungle Homme Eau de Toilette,2025
245,85648,Kenzo,Kenzo Homme Indigo,2025
246,85599,Kenzo,Flower Ikebana Indigo,2025
247,85559,Kenzo,Flower By Kenzo Cherry Poppy,2025
248,85774,Kenzo,Nuage Cerisier,2024
249,85722,Kenzo,L'Eau Kenzo Glacée Pour Homme,2024
250,85721,Kenzo,L'Eau Kenzo Glacée Pour Femme,2024
251,85654,Kenzo,Kenzo Homme Santal Marin,2024
252,85575,Kenzo,Flower by Kenzo La Récolte Parisienne,2024
253,85753,Kenzo,L'Eau par Kenzo Mirror Edition pour Homme,2014
254,85752,Kenzo,L'Eau par Kenzo Mirror Edition pour Femme,2014
255,85726,Kenzo,L'Eau Kenzo Mirror Edition Pour Homme 2014,2014
256,85725,Kenzo,L'Eau Kenzo Mirror Edition Pour Femme 2014,2014
257,85791,Kenzo,Time for Peace,1999
258,85793,Kenzo,Time For Peace pour Lui,1999
259,85689,Kenzo,Kenzo World Power Wild Collector,
260,85691,Kenzo,Kenzoamour,
261,56178,Estée Lauder,Glimmer,2026
262,56164,Estée Lauder,Diane von Furstenberg InCharge Essence d’Eau,2026
263,56072,Estée Lauder,Aliage Legacy,2026
264,56282,Estée Lauder,White Linen Oud Legacy,2025
265,56138,Estée Lauder,Bronze Goddess Eau de Parfum 2025,2025
266,56133,Estée Lauder,Bronze Goddess Aegea,2025
267,56099,Estée Lauder,Beautiful Magnolia Fleur,2025
268,56281,Estée Lauder,White Linen Legacy,2024
269,56268,Estée Lauder,Serene Sierra,2024
270,56250,Estée Lauder,Private Collection Legacy,2024
271,56194,Estée Lauder,Knowing Legacy,2024
272,56176,Estée Lauder,Estee Legacy,2024
273,56271,Estée Lauder,SpellBound (Parfum),2014
274,56227,Estée Lauder,Pleasures Flower,2014
275,56201,Estée Lauder,Modern Muse Chic,2014
276,56143,Estée Lauder,Bronze Goddess Eau Fraiche Skinscent 2014,2014
277,56160,Estée Lauder,Dazzling Silver Estēe Lauder 1998 Eau de Parfum,1998
278,56229,Estée Lauder,Pleasures for Men Estēe Lauder 1997 After Shave,1997
279,56240,Estée Lauder,Pleasures Take the Leap,
280,56222,Estée Lauder,Pleasures Estēe Lauder Solid Perfume,
281,82613,Jo Malone London,Yuzu Zest Harajuku Cologne by Shogo Sekine (Eau de Cologne),2026
282,82611,Jo Malone London,Yuzu Zest Cologne (2026) (Eau de Cologne),2026
283,82573,Jo Malone London,Velvety Butternut,2026
284,82555,Jo Malone London,Taif Rose Cologne Intense (Eau de Cologne),2026
285,82533,Jo Malone London,Sea Salt & Bergamot,2026
286,82528,Jo Malone London,Scarlet Beetroot,2026
287,82525,Jo Malone London,Sakura Cherry Blossom,2026
288,82514,Jo Malone London,Rose & Oud Leather Cologne Intense (Eau de Cologne),2026
289,82413,Jo Malone London,Iris & White Musk Cologne Intense (2026) (Eau de Cologne),2026
290,82381,Jo Malone London,Frangipani Flower 2026,2026
291,82349,Jo Malone London,Carrot Blossom,2026
292,82527,Jo Malone London,Sandalwood & Spiced Apricot,2025
293,82603,Jo Malone London,Wood Sage & Sea Salt Jo Malone 2014 Cologne (Eau de Cologne),2014
294,82601,Jo Malone London,Wood Sage & Sea Salt (Body Mist),2014
295,82600,Jo Malone London,Wisteria & Violet,2014
296,82562,Jo Malone London,Tuberose Angelica Limited Edition,2014
297,82423,Jo Malone London,Lime Basil & Mandarin (Eau de Cologne),1999
298,82404,Jo Malone London,Honeysuckle & Jasmine,1999
299,82479,Jo Malone London,Peony & Blush Suede Jo Malone 2019 Solid Scent,2019
300,82472,Jo Malone London,Oud & Bergamot Cologne Intense (Eau de Cologne),
301,160010,Tom Ford,Tobacco Chocolat,2026
302,160009,Tom Ford,Taormina Orange,2026
303,160001,Tom Ford,Soleil Blanc Parfum,2026
304,159963,Tom Ford,Ombré Leather Reserve,2026
305,159902,Tom Ford,Eau de Grey Vetiver,2026
306,160005,Tom Ford,Soleil Neige (2025),2025
307,159991,Tom Ford,Rose Exposed,2025
308,159971,Tom Ford,Oud Voyager,2025
309,159913,Tom Ford,Figue Érotique,2025
310,159912,Tom Ford,Fabulous Parfum,2025
311,159905,Tom Ford,Eau de Soleil Blanc 2025,2025
312,159882,Tom Ford,Black Orchid Reserve,2025
313,160027,Tom Ford,Velvet Orchid (Eau de Parfum),2014
314,159976,Tom Ford,Patchouli Absolu,2014
315,159938,Tom Ford,Mandarino di Amalfi (Eau de Parfum),2014
316,159924,Tom Ford,Grey Vetiver Eau de Toilette,2014
317,159918,Tom Ford,For Men Tom Ford 1957 Eau de Toilette,1957
318,159935,Tom Ford,Lost Cherry Tom Ford Body Spray,
319,159965,Tom Ford,Ombré Leather Tom Ford Body Spray,
320,159984,Tom Ford,Reserve Collection: Jonquille de Nuit,2019
321,163989,Versace,Versace Pour Femme Dylan Blush Pink,2025
322,163984,Versace,Versace Man Eau Fraiche Extreme,2025
323,163917,Versace,Crystal Emerald,2025
324,163957,Versace,Rêve De Myrrhe,2024
325,163958,Versace,Rose Flamboyante,2024
326,163955,Versace,Patchouli Précieux,2024
327,163931,Versace,Eros Najim,2024
328,163928,Versace,Eros Energy,2024
329,163920,Versace,Crystal Noir Parfum,2024
330,163911,Versace,Bright Crystal Parfum,2024
331,163889,Versace,Ambre Nectar,2024
332,163990,Versace,Versace Pour Femme Dylan Purple,2022
333,164016,Versace,Yellow Diamond Intense,2014
334,163993,Versace,Versace Pour Femme Oud Oriental,2014
335,163933,Versace,Eros Pour Femme (Eau de Parfum),2014
336,163916,Versace,Couture Violet,2014
337,163972,Versace,V/S Versus,1998
338,163968,Versace,V/S,1998
339,164003,Versace,Versus Blue Jeans,
340,163985,Versace,Versace Man Eau Fraîche Versace After Shave,
341,48798,Dolce&Gabbana,Your Devotion Eau de Parfum Intense,2026
342,48787,Dolce&Gabbana,Velvet Passion Oud Hair Mist,2026
343,48775,Dolce&Gabbana,Velvet Desert Oud Limited Edition,2026
344,48774,Dolce&Gabbana,Velvet Desert Oud Hair Mist,2026
345,48771,Dolce&Gabbana,Velvet Crystal Smoke,2026
346,48769,Dolce&Gabbana,Velvet Blue Musk Hair Mist,2026
347,48717,Dolce&Gabbana,Q by Dolce & Gabbana Elixir,2026
348,48711,Dolce&Gabbana,My Devotion Sacred Heart Limited Edition,2026
349,48698,Dolce&Gabbana,Light Blue Pour Homme Eau de Parfum,2026
350,48694,Dolce&Gabbana,Light Blue Perfume Gel,2026
351,48679,Dolce&Gabbana,Light Blue Eau de Parfum,2026
352,48674,Dolce&Gabbana,Light Blue Capri In Love Travel Retail Exclusive,2026
353,48790,Dolce&Gabbana,Velvet Rose,2014
354,48766,Dolce&Gabbana,Velvet Bergamot,2014
355,48727,Dolce&Gabbana,The One Collector For Women,2014
356,48726,Dolce&Gabbana,The One Collector For Men,2014
357,48604,Dolce&Gabbana,D&G Masculine Dolce & Gabbana 1999 After Shave,1999
358,48605,Dolce&Gabbana,D&G Masculine (Eau de Toilette),1999
359,48618,Dolce&Gabbana,Dolce & Gabbana pour Femme Dolce & Gabbana Parfum Solide,
360,48719,Dolce&Gabbana,Q Dolce & Gabbana 2024 Eau de Parfum Intense,2024
361,69093,Gucci,Gucci Guilty Eau de Toilette Intense Pour Homme,2026
362,69048,Gucci,Flora Gorgeous Orchid Intense,2026
363,69004,Gucci,Bloom Ambrosia d'Oro,2026
364,69180,Gucci,Ylang Ambrato,2025
365,69177,Gucci,Vanilla Firenze,2025
366,69168,Gucci,Rosa Sublime,2025
367,69167,Gucci,Rosa Incandescente,2025
368,69166,Gucci,Osmanthus Nectar,2025
369,69161,Gucci,Muschio di Luce,2025
370,69162,Gucci,Muschio Mineralis,2025
371,69153,Gucci,Lignum Idealis,2025
372,69081,Gucci,Gucci Guilty Absolu de Parfum Pour Homme,2025
373,69129,Gucci,Gucci Premiere Eau de Toilette,2014
374,69119,Gucci,Gucci Oud,2014
375,69109,Gucci,Gucci Guilty Stud Edition 2014,2014
376,69106,Gucci,Gucci Guilty Pour Homme Diamond,2014
377,69131,Gucci,Gucci Rush,1999
378,69010,Gucci,Envy for Men Gucci 1998 Eau de Toilette,1998
379,69148,Gucci,Guilty Stud Limited Edition,
380,69029,Gucci,Flora By Gucci Garden : Gorgeous Gardenia,
381,130958,Prada,Trembled Blossoms,2026
382,130957,Prada,Tainted Violet,2026
383,130948,Prada,Prada Paradoxe Sweet Chemistry,2026
384,130916,Prada,Pink Flamboyance,2026
385,130914,Prada,Paradoxe Pulp Edition,2026
386,130913,Prada,Paradoxe Orchidea Edition,2026
387,130912,Prada,Paradigme Le Parfum,2026
388,130902,Prada,Nylon Noir,2026
389,130863,Prada,Malombra,2026
390,130853,Prada,Luna Rossa Carbon Eau de Parfum,2026
391,130839,Prada,Infusion de Santal Chai,2026
392,130810,Prada,Compulsion,2026
393,130924,Prada,Prada Candy Florale,2014
394,130928,Prada,Prada Candy L'Eau,2013
395,130857,Prada,Luna Rossa Extreme,2013
396,130851,Prada,Luna Rossa 34th America's Cup Limited Edition,2013
397,130918,Prada,Prada,1990
398,130875,Prada,Moonlight Shadow,
399,130801,Prada,Babylon,
400,130908,Prada,Olfactories - Nue au Soleil,2015
401,32483,Burberry,Hero Elixir de Parfum,2026
402,32473,Burberry,Goddess Hair Mist,2026
403,32472,Burberry,Goddess Amber Vanilla,2026
404,32516,Burberry,Rose Ember,2025
405,32485,Burberry,Hero Parfum Intense,2025
406,32476,Burberry,Golden Haze,2025
407,32475,Burberry,Goddess Parfum,2025
408,32439,Burberry,Burberry Her Parfum,2025
409,32484,Burberry,Hero Parfum,2024
410,32478,Burberry,Her Intense 2024,2024
411,32474,Burberry,Goddess Intense,2024
412,32517,Burberry,Snow Blossom,2023
413,32514,Burberry,My Burberry Limited Edition,2014
414,32510,Burberry,My Burberry (Eau de Parfum),2014
415,32424,Burberry,Burberry Brit Rhythm for Women,2014
416,32401,Burberry,Brit Rhythm for Her Burberry 2014 Hair Mist,2014
417,32531,Burberry,Touch for Women,1998
418,32535,Burberry,Weekend for Women,1997
419,32411,Burberry,Burberry Baby (Burberry Baby Touch),
420,32441,Burberry,Burberry Light for Men,
421,163216,Valentino,Vendetta Uomo (2026),2026
422,163212,Valentino,Vendetta Donna (2026),2026
423,163199,Valentino,Valentino Uomo Born in Roma Purple Melancholia,2026
424,163179,Valentino,Valentino Donna Born in Roma Purple Melancholia,2026
425,163145,Valentino,Rêve à trois,2026
426,163139,Valentino,Born In Roma Vanilla Bliss Mist,2026
427,163136,Valentino,Born In Roma Salty Pistachio Mist,2026
428,163135,Valentino,Born In Roma Golden Coconut Mist,2026
429,163132,Valentino,Born In Roma Caramel Crush Mist,2026
430,163198,Valentino,Valentino Uomo Born in Roma Ivory,2025
431,163177,Valentino,Valentino Donna Born in Roma Ivory,2025
432,163162,Valentino,Valentina 2025,2025
433,163207,Valentino,Valentino Uomo Valentino 2014 Lotion Après-Rasage,2014
434,163202,Valentino,Valentino Uomo (Eau de Toilette),2014
435,163170,Valentino,Valentina Rosa Assoluto,2014
436,163167,Valentino,Valentina Oud Assoluto,2013
437,163222,Valentino,Very Valentino for Men Valentino 1999 Eau de Toilette,1999
438,163221,Valentino,Very Valentino for Men Valentino 1999 After Shave,1999
439,163171,Valentino,Valentino Born In Roma Yellow Dream,
440,163229,Valentino,Voce Viva Valentino Hair Mist,
441,72779,Hermès,Un Jardin Sous la Mer,2026
442,72721,Hermès,Musc Pallida Eau de Parfum,2026
443,72678,Hermès,Ginseng Biloba,2026
444,72598,Hermès,Barénia Pleine Fleur,2026
445,72764,Hermès,Terre d’Hermès Intense,2025
446,72726,Hermès,Oud Esma,2025
447,72597,Hermès,Barénia Intense,2025
448,72727,Hermès,Paddock,2024
449,72725,Hermès,Oud Alezan,2024
450,72694,Hermès,Hermessence Oud Alezan,2024
451,72681,Hermès,H24 Herbes Vives,2024
452,72596,Hermès,Barénia,2024
453,72752,Hermès,Terre d'Hermès Flacon H 2014 - Perspective,2014
454,72769,Hermès,Terre d'Hermes Perspective,2014
455,72765,Hermès,Terre d'Hermes Metal Flacon,2014
456,72746,Hermès,Terre d'Hermes Eau Tres Fraiche,2014
457,72702,Hermès,Hiris,1999
458,72622,Hermès,Eau d'Hermès Edition Limitée 1999,1999
459,72612,Hermès,Cardamusc Essence De Parfum,
460,72665,Hermès,", Faubourg Édition Limitée Circuit",
461,133520,Rabanne,Paco Rosé,2026
462,133497,Rabanne,Olympea Elixir,2026
463,133486,Rabanne,Million Red for Her,2026
464,133476,Rabanne,Million Gold for Her Pure Diamonds,2026
465,133422,Rabanne,Invictus Elixir,2026
466,133415,Rabanne,Fame Winter Crush,2026
467,133391,Rabanne,Brutalist Amber,2026
468,133358,Rabanne,1 Million Night Elixir,2026
469,133349,Rabanne,1 Million Black,2026
470,133523,Rabanne,Phantom in Red,2025
471,133522,Rabanne,Phantom Elixir,2025
472,133490,Rabanne,Olympéa Absolu,2025
473,133445,Rabanne,Lady Million Eau My Gold!,2014
474,133432,Rabanne,Invictus Silver Cup Collector's Edition,2014
475,133385,Rabanne,Black Xs Potion 2014,2014
476,133388,Rabanne,Black XS Potion for Him,2014
477,133541,Rabanne,Ultraviolet,1999
478,133510,Rabanne,Paco Energy,1998
479,133469,Rabanne,Million Collector's Edition 2017,2017
480,133441,Rabanne,Lady Million Collector's Edition 2017,2017
481,113925,Narciso Rodriguez,Pure Musc Blanc For Her,2026
482,113920,Narciso Rodriguez,Neroli Essence,2026
483,113911,Narciso Rodriguez,Narciso Rodriguez for Him Musc Santal,2026
484,113864,Narciso Rodriguez,Musc Grenat,2026
485,113829,Narciso Rodriguez,All Of Me Essentiel,2026
486,113930,Narciso Rodriguez,Safran Musc,2025
487,113898,Narciso Rodriguez,Narciso Rodriguez For Her Intense,2025
488,113870,Narciso Rodriguez,Narciso Eau de Parfum Radiante,2025
489,113830,Narciso Rodriguez,All Of Me Floral,2025
490,113932,Narciso Rodriguez,Wild Tuberose,2024
491,113928,Narciso Rodriguez,Rose Épicée,2024
492,113927,Narciso Rodriguez,Radiant Magnolia,2024
493,113875,Narciso Rodriguez,Narciso Musc Narciso Rodriguez 2014 Oil Parfum,2014
494,113874,Narciso Rodriguez,Narciso Musc,2014
495,113867,Narciso Rodriguez,Narciso (Eau de Parfum),2014
496,113887,Narciso Rodriguez,Narciso Rodriguez for Her Eau de Parfum (10th Anniversary Limited Edition),2013
497,113849,Narciso Rodriguez,For Her Narciso Rodriguez Hair Mist,
498,113921,Narciso Rodriguez,Oriental Musc,
499,113909,Narciso Rodriguez,Narciso Rodriguez For Him Eau de Parfum Intense,2012
500,113914,Narciso Rodriguez,Narciso Rodriguez Musc for Her,2007
501,172274,Zara,Éclat Bohème Solid Perfume,2026
502,171967,Zara,À Son Rythme,2026
503,173440,Zara,Zara Illusion,2026
504,173293,Zara,Woman in White,2026
505,173267,Zara,Watch Me Dance,2026
506,173220,Zara,Vibrant Leather Bogoss Coco Suede,2026
507,173200,Zara,Vento di Vetiver,2026
508,173186,Zara,Vanilla 02 Collection Infinite Parfum,2026
509,173185,Zara,Vanilla 02 Collection Cold Caramel,2026
510,173162,Zara,Ubbe Latte,2026
511,173137,Zara,Tropical Smoke,2026
512,173133,Zara,Tonka Temptation,2026
513,173425,Zara,Zara for Him Silver Edition,2014
514,173626,Zara,Zara Women Eau de Parfum,2014
515,173622,Zara,Zara Woman Special Edition,2014
516,173606,Zara,Zara Woman Gold 2014,2014
517,173088,Zara,Textures Pink,1999
518,173085,Zara,Textures Lilac,1999
519,173501,Zara,Zara Men — Denim Collection: 04 Frayed Edge,
520,172972,Zara,Silent Flowers - Balade de Figuier,2023
521,165885,Victoria's Secret,Warm & Cozy Sun-Splashed,2026
522,165799,Victoria's Secret,Very Sexy Euphoric,2026
523,165796,Victoria's Secret,Very Sexy Blush,2026
524,165764,Victoria's Secret,Velvet Bohemia,2026
525,165753,Victoria's Secret,Vanilla Mousse,2026
526,165743,Victoria's Secret,Vanilla & Dreamy Sun-Splashed,2026
527,165695,Victoria's Secret,Tease Strawberry Bisou,2026
528,165666,Victoria's Secret,Sweet Sugared Violet,2026
529,165642,Victoria's Secret,Sundrenched Blooms,2026
530,165620,Victoria's Secret,Suede Wonder,2026
531,165601,Victoria's Secret,Spiced Plum Oud,2026
532,165541,Victoria's Secret,Serene Blooms,2026
533,165915,Victoria's Secret,Wild in Pink,2014
534,165920,Victoria's Secret,Wild Pink,2014
535,165908,Victoria's Secret,Wild At Heart,2014
536,165890,Victoria's Secret,Warm Ginger,2014
537,164771,Victoria's Secret,Encounter,1994
538,165477,Victoria's Secret,Rapture (Eau de Cologne),1992
539,165376,Victoria's Secret,Pink - Sun Kissed,
540,165319,Victoria's Secret,Pink - Moodscentz: Invigorate,
541,25414,Bath & Body Works,White Peach Sangria,2026
542,25387,Bath & Body Works,Watermelon Whirl,2026
543,25377,Bath & Body Works,Warm Musk,2026
544,25370,Bath & Body Works,Viva Brazil,2026
545,25292,Bath & Body Works,To the Moon,2026
546,25281,Bath & Body Works,Tangerine Twirl,2026
547,25204,Bath & Body Works,Strawberry Picnic,2026
548,25177,Bath & Body Works,Soft Oud,2026
549,25170,Bath & Body Works,Snow White,2026
550,25138,Bath & Body Works,Sea Salt,2026
551,25127,Bath & Body Works,Salted Shorelines,2026
552,25087,Bath & Body Works,Rapunzel,2026
553,25442,Bath & Body Works,Winter Candy Apple,2014
554,25430,Bath & Body Works,Wild Madagascar Vanilla Bath & Body Works 2014 Sheer Perfume Mist,2014
555,25429,Bath & Body Works,Wild Madagascar Vanilla Bath & Body Works 2014 Fragrance Mist,2014
556,25431,Bath & Body Works,Wild Madagascar Vanilla (Eau de Parfum),2014
557,25381,Bath & Body Works,Warm Vanilla Sugar (Eau de Toilette),1999
558,24869,Bath & Body Works,Marble Bath & Body Works 1998 Body Spray,1998
559,24537,Bath & Body Works,Energy - Plumeria + Mandarin,
560,24948,Bath & Body Works,Noir for Men,
561,21906,Avon,Toque de Amor Lovely,2026
562,21903,Avon,Topaze Elegant,2026
563,21891,Avon,Today Tomorrow Always Pure Love,2026
564,21888,Avon,Today Tomorrow Always Love Quartz,2026
565,21840,Avon,Sweet Honesty Fun,2026
566,21755,Avon,Solar Vibes,2026
567,21575,Avon,Pur Blanca Morning Fresh,2026
568,21500,Avon,Perfect Nonsense Ginger Blaze,2026
569,21397,Avon,Musk Pure,2026
570,21376,Avon,Musk Exhale,2026
571,21294,Avon,Man Fig Noir,2026
572,21047,Avon,Incandessence Crush,2026
573,22008,Avon,X Series Recharge,2014
574,21960,Avon,Vegas,2014
575,21950,Avon,Urban Edge Nights,2014
576,21945,Avon,Untouchable Strength,2014
577,21782,Avon,Still Waters,1999
578,21606,Avon,Rare Rubies,1999
579,20219,Avon,Bird of Paradise Avon Spray Essence,
580,20967,Avon,Hmmm... Candy! - Shake Lover,
581,170871,Yves Rocher,Eau Fraîche Pétillante,2026
582,170872,Yves Rocher,Eau Fraîche Poudrée,2026
583,170868,Yves Rocher,Eau Fraîche Aérienne,2026
584,170790,Yves Rocher,Bouquet Ambré,2026
585,171272,Yves Rocher,Verveine Citronnée & Fleur de Camomille,2025
586,171020,Yves Rocher,Mandarine Aiguilles de Pin,2025
587,170942,Yves Rocher,Granit Bleu,2025
588,170781,Yves Rocher,Baies d'Hiver,2025
589,171259,Yves Rocher,Vanille d'Orchidée,2024
590,171227,Yves Rocher,Tendres Instants,2024
591,171109,Yves Rocher,Ondes Positives,2024
592,170964,Yves Rocher,L'Evidence,2024
593,171242,Yves Rocher,Un Matin au Jardin - Cerisier en Fleurs,2014
594,171148,Yves Rocher,Quelques Notes d’Amour,2014
595,171150,Yves Rocher,Quelques Notes d'Amour L'Eau de Parfum,2014
596,171131,Yves Rocher,Poire Caramel,2014
597,170881,Yves Rocher,et une Folies,1999
598,171224,Yves Rocher,Telethon 99 Pomme,1999
599,170860,Yves Rocher,e Anniversaire,
600,171225,Yves Rocher,Temps Frais,
601,121964,Oriflame,Tropic Thunder,2026
602,121890,Oriflame,Rose Mode,2026
603,121861,Oriflame,Possess Intense Man,2026
604,121860,Oriflame,Possess Intense,2026
605,121830,Oriflame,Neon Oud,2026
606,121781,Oriflame,Marshma-love,2026
607,121744,Oriflame,La La Lime,2026
608,121732,Oriflame,Infinita You,2026
609,121952,Oriflame,Sweetheart Rose,2025
610,121863,Oriflame,Possess Mythical Seduction,2025
611,121791,Oriflame,Midnight Magic Elvie,2025
612,121762,Oriflame,Love Potion Cherry on Top,2025
613,122011,Oriflame,Voyager Woman,2014
614,122010,Oriflame,Voyager Spirit,2014
615,121998,Oriflame,Volare Eau de Parfum,2014
616,121980,Oriflame,Very Me Spring Tenderness,2014
617,122029,Oriflame,Yo! Very Berry,1999
618,122028,Oriflame,Yo! Vanilla Ice,1999
619,121790,Oriflame,Men's Collection - Wild Green,
620,121621,Oriflame,Eclat Nuit for Him,
621,153292,The Body Shop,White Tea & Elderflower,2026
622,153244,The Body Shop,Velvet Fig & Pistachio,2026
623,152973,The Body Shop,Ajwa Date & Honey Fragrance Mist (Body Mist),2026
624,152972,The Body Shop,Ajwa Date & Honey,2026
625,153300,The Body Shop,"You, Me & Bubble Tea",2025
626,153301,The Body Shop,You're My Jam,2025
627,153224,The Body Shop,Tender Tonka,2025
628,153218,The Body Shop,Sugar Pumpkin Body Mist,2025
629,153043,The Body Shop,Cotton Candy Kiss,2025
630,153018,The Body Shop,Butter Me Up,2025
631,153075,The Body Shop,Full Magnolia,2024
632,153011,The Body Shop,Bluebell,2024
633,153248,The Body Shop,Vineyard Peach Pêche de Vigne,2014
634,153234,The Body Shop,Vanilla Brulee Vanille Doree The Body Shop 2014 Eau de Toilette,2014
635,153233,The Body Shop,Vanilla Brulee,2014
636,153213,The Body Shop,Strawberry,2014
637,153119,The Body Shop,Leap! The Body Shop 1996 Perfume Oil,1996
638,152969,The Body Shop,Activist (Eau de Toilette),1995
639,153171,The Body Shop,Patchouli,
640,153038,The Body Shop,Coconut Perfume Oil,
641,99590,Lush,Princess Rosalina,2026
642,99562,Lush,Moominvalley,2026
643,99561,Lush,Million Dollar,2026
644,99456,Lush,Cloudberry,2026
645,99422,Lush,Banoffee Pie,2026
646,99700,Lush,We Believe in Glinda,2025
647,99699,Lush,Vimt-No,2025
648,99656,Lush,Super Milk,2025
649,99654,Lush,Super Fairy,2025
650,99647,Lush,Stormy Weather,2025
651,99611,Lush,Scooby Snacks,2025
652,99591,Lush,Pumpkin Spice,2025
653,99704,Lush,Yog Nog (Parfum),2014
654,99673,Lush,The President's Hat,2014
655,99631,Lush,Smuggler's Soul The Sandalwood Trail Lush / Cosmetics To Go 2014 Perfume (Parfum),2014
656,99629,Lush,Smuggler's Soul,2014
657,99524,Lush,Icon (Parfum),1999
658,99433,Lush,Blue Skies And Fluffy White Clouds Body Spray (Body Mist),1999
659,99527,Lush,Inhale,
660,99479,Lush,Elemental,
661,92098,Lattafa Perfumes,Sing,2026
662,92044,Lattafa Perfumes,Raghad,2026
663,92040,Lattafa Perfumes,Ra'ed Intensely,2026
664,92039,Lattafa Perfumes,Ra'ed Absolu,2026
665,92038,Lattafa Perfumes,Queen of Roses,2026
666,92024,Lattafa Perfumes,Petra Viola,2026
667,91995,Lattafa Perfumes,New York the City of Dreams,2026
668,91966,Lattafa Perfumes,Mishlah,2026
669,91959,Lattafa Perfumes,Matcha Swirl,2026
670,91942,Lattafa Perfumes,London The City of Contrast,2026
671,91922,Lattafa Perfumes,Khamrah Waha,2026
672,91909,Lattafa Perfumes,Jouri,2026
673,92062,Lattafa Perfumes,Rooh Al Shabab,2014
674,92061,Lattafa Perfumes,Rooh Al Banat,2014
675,92049,Lattafa Perfumes,Raghba Wood Intense,2014
676,91911,Lattafa Perfumes,Just Oud Boulevard,2014
677,91924,Lattafa Perfumes,Khas Lil Rijal Black Edition,
678,91757,Lattafa Perfumes,24 Carat White Gold,
679,91982,Lattafa Perfumes,Musk Wild Vanille,2020
680,92042,Lattafa Perfumes,Ra'ed Oud,2021
681,16018,Armaf,White Knight,2026
682,15932,Armaf,Spartacus,2026
683,15887,Armaf,Scentasy Matcha Magix,2026
684,15876,Armaf,Red Velvet,2026
685,15837,Armaf,Orchestra Tempo Tune,2026
686,15826,Armaf,Ombre Fresh,2026
687,15824,Armaf,Old Money,2026
688,15822,Armaf,Odyssey Wild One Body Mist,2026
689,15819,Armaf,Odyssey Tyrant Body Mist,2026
690,15816,Armaf,Odyssey Spectra Body Mist,2026
691,15813,Armaf,Odyssey Soda Pop,2026
692,15811,Armaf,Odyssey Pink Pop,2026
693,15914,Armaf,Skin Couture for Her Armaf 2013 Eau de Parfum,2013
694,15515,Armaf,Club de Nuit Intense Woman,2013
695,15471,Armaf,Blue Homme Armaf 2013 Eau de Toilette,2013
696,15695,Armaf,Italiano Vivo Armaf 2010 Body Spray (Body Mist),2010
697,15775,Armaf,Nomad,1998
698,15717,Armaf,Le Parfait pour Femme Armaf 1998 Body Spray,1998
699,15898,Armaf,Shades Wood Armaf Perfume Oil,
700,15955,Armaf,The Lions Club - Majestueux,
701,101762,Maison Alhambra,Unknown N° Deep Woods,2026
702,101674,Maison Alhambra,Papillon D'Or,2026
703,101646,Maison Alhambra,Narissa Et Moi (Parfum),2026
704,101562,Maison Alhambra,Jean Lowe Verde Aura,2026
705,101561,Maison Alhambra,Jean Lowe Summer Vibes,2026
706,101555,Maison Alhambra,Jean Lowe Fantasme,2026
707,101543,Maison Alhambra,Imperium (Parfum),2026
708,101518,Maison Alhambra,Flower Addiction (Eau de Parfum),2026
709,101484,Maison Alhambra,Delilah Viola (Eau de Parfum),2026
710,101801,Maison Alhambra,Your Touch Leather,2025
711,101777,Maison Alhambra,Victorioso Fearless (Parfum),2025
712,101776,Maison Alhambra,Victoria Flower Rosa Lilium,2025
713,101432,Maison Alhambra,Archer Black,
714,101618,Maison Alhambra,Maître,
715,101587,Maison Alhambra,L'Intrude,2022
716,101764,Maison Alhambra,Versencia Crystal,2022
717,101575,Maison Alhambra,Just Married,2022
718,101547,Maison Alhambra,Infini Intoxicating Cherry (Eau de Parfum),
719,101552,Maison Alhambra,Intrude (Parfum),
720,101695,Maison Alhambra,Queenstown Intense (Parfum),2025
721,62137,Fragrance World,Proud of You Sandalo,2026
722,62128,Fragrance World,Proud Of You,2026
723,62031,Fragrance World,Montera Vanilla Petals,2026
724,61815,Fragrance World,Eclipse Extrait Nova,2026
725,61814,Fragrance World,Eclipse Extrait,2026
726,62332,Fragrance World,Zero To Legend,2025
727,62294,Fragrance World,Versus Purple Diamond,2025
728,62290,Fragrance World,Venti Sublime,2025
729,62289,Fragrance World,Venti Silky Princess,2025
730,62287,Fragrance World,Venti Carisma,2025
731,62286,Fragrance World,Venti Absolu,2025
732,62285,Fragrance World,Venti,2025
733,62222,Fragrance World,Star Men Nebula,2010
734,62221,Fragrance World,Star Men,2010
735,61635,Fragrance World,Ameer Al Oud Vip Original White Oud (Eau de Parfum),1997
736,61977,Fragrance World,Lapurd (Parfum),
737,62207,Fragrance World,SH'MALLOW Fluff (Eau de Parfum),
738,62083,Fragrance World,Optimystic Her,2022
739,61946,Fragrance World,Jour (Eau de Parfum),2024
740,61705,Fragrance World,Berries Weekend Violet,2020
741,126357,PARIS CORNER,Voux Alma Verde,2026
742,126332,PARIS CORNER,The Show Magnifique,2026
743,126294,PARIS CORNER,Pour Me Wild,2026
744,126277,PARIS CORNER,Oravéa,2026
745,126254,PARIS CORNER,Nada Wink,2026
746,126253,PARIS CORNER,Nada Whimsical,2026
747,126252,PARIS CORNER,Nada Blumingle,2026
748,126227,PARIS CORNER,Midnight Sin,2026
749,126171,PARIS CORNER,Heer,2026
750,126169,PARIS CORNER,Green Bet,2026
751,126153,PARIS CORNER,Fatal Embrace,2026
752,126142,PARIS CORNER,Eshal Musk,2026
753,126240,PARIS CORNER,MINISTRY OF OUD – ROMANCE REVERIE,
754,126361,PARIS CORNER,VOUX ELEGANTE EMIR (Eau de Parfum),
755,126084,PARIS CORNER,Celestial,2022
756,126345,PARIS CORNER,Vanilla Mood,
757,126297,PARIS CORNER,PROTOCOL EDITION (Eau de Parfum),
758,126284,PARIS CORNER,Oud Satin,2021
759,126196,PARIS CORNER,Killer Oud Lyre Intense (Eau de Parfum),2020
760,126102,PARIS CORNER,COSMOPOLITAN LONDON (Eau de Parfum),
761,7025,Al Haramain Perfumes,Haramain Harmony,2026
762,7321,Al Haramain Perfumes,Zahara Oudh Dubai,2025
763,7319,Al Haramain Perfumes,Zahara Ajwa Dubai,2025
764,7309,Al Haramain Perfumes,Vergine Rosa Noir,2025
765,7308,Al Haramain Perfumes,Vergine Rosa,2025
766,7270,Al Haramain Perfumes,Sheikh Warrior,2025
767,7269,Al Haramain Perfumes,Sheikh Royal,2025
768,7267,Al Haramain Perfumes,Sheikh Majestic,2025
769,7266,Al Haramain Perfumes,Sheikh Knight,2025
770,7260,Al Haramain Perfumes,Sameera Noir,2025
771,7259,Al Haramain Perfumes,Sameera,2025
772,7247,Al Haramain Perfumes,Rose Oud,2025
773,7264,Al Haramain Perfumes,Shefon (Eau de Parfum),2013
774,7226,Al Haramain Perfumes,Prism Noir,2013
775,7136,Al Haramain Perfumes,Mukhallath Seufi (Perfume Oil),2013
776,6919,Al Haramain Perfumes,Bint Sudan,2013
777,7035,Al Haramain Perfumes,Haya,
778,7190,Al Haramain Perfumes,Orient,
779,6948,Al Haramain Perfumes,Dehnal Oudh Ateeq Eau De Parfum,
780,7183,Al Haramain Perfumes,Olaf,2025
781,134814,Rasasi,Shuhrah Opulence,2026
782,134812,Rasasi,Shuhrah Avenoir,2026
783,134752,Rasasi,Queen Fatme,2026
784,134704,Rasasi,Najme,2026
785,134692,Rasasi,Murade,2026
786,134679,Rasasi,Maryam,2026
787,134667,Rasasi,Layali,2026
788,134631,Rasasi,Jbeil,2026
789,134629,Rasasi,Jasey,2026
790,134598,Rasasi,Hayaz Rose,2026
791,134597,Rasasi,Hayaz Pistachio,2026
792,134596,Rasasi,Hayaz Pearl,2026
793,134882,Rasasi,Yazan for Him,2014
794,134877,Rasasi,Woody for Women,2014
795,134876,Rasasi,Woody for Men,2014
796,134859,Rasasi,Vanity,2014
797,134380,Rasasi,Al Hobb Hayat,
798,134690,Rasasi,Mukhallat Oudh Siufi,
799,134558,Rasasi,Hawas Diva,2025
800,134431,Rasasi,Black Leather,2024
801,6317,Ajmal,White Oud,2026
802,6274,Ajmal,Strings of Oud,2026
803,6063,Ajmal,Evoke Red Him,2026
804,6062,Ajmal,Evoke Red Her,2026
805,6061,Ajmal,Evoke Red Edition,2026
806,6027,Ajmal,Dame,2026
807,6002,Ajmal,D'light,2026
808,6001,Ajmal,Cyan Oud,2026
809,6284,Ajmal,Thai Wood,2025
810,6230,Ajmal,Rihlah,2025
811,6195,Ajmal,Paineira Wood,2025
812,6192,Ajmal,Oud on the Rocks,2025
813,6316,Ajmal,Watani Akhdar,2014
814,6315,Ajmal,Watani Ahmar,2014
815,6314,Ajmal,Watani Abyad,2014
816,6313,Ajmal,Watani,2014
817,6082,Ajmal,Ghair 1,
818,6251,Ajmal,Shadow For Him,
819,6152,Ajmal,Moshriqa,2019
820,6225,Ajmal,Regina,2016
821,151242,Swiss Arabian,Shaghaf Nectar Blush,2026
822,151183,Swiss Arabian,Patchouli 01,2026
823,151109,Swiss Arabian,Leather and Oud,2026
824,151291,Swiss Arabian,Vanilla 01,2025
825,151266,Swiss Arabian,Soul of Bali,2025
826,151238,Swiss Arabian,Shaghaf Amber Infusion,2025
827,151079,Swiss Arabian,Iris & Berry,2025
828,151075,Swiss Arabian,Incense 01,2025
829,151030,Swiss Arabian,Enigma of Taif,2025
830,151283,Swiss Arabian,Tobacco 01,2024
831,151259,Swiss Arabian,Shaghaf Vanilla Toffee,2024
832,151258,Swiss Arabian,Shaghaf Oud Tonka Oil,2024
833,151295,Swiss Arabian,Vigour,2014
834,151286,Swiss Arabian,Ultima,2014
835,151196,Swiss Arabian,Queen,2014
836,151165,Swiss Arabian,Ohoud,2014
837,151193,Swiss Arabian,Pure Lure,1981
838,150974,Swiss Arabian,Carpe Diem,
839,151093,Swiss Arabian,Just Splendid,
840,150987,Swiss Arabian,Dehn Al Oud Malaki,
841,24020,Bargello,Sahel Alchemy,2026
842,23957,Bargello,Crowded (Eau de Parfum),2024
843,23976,Bargello,Legend,2020
844,23971,Bargello,Impact,2020
845,23939,Bargello,Avenue (Eau de Parfum),2020
846,23603,Bargello,103 (Eau de Parfum),
847,23609,Bargello,108 (Eau de Parfum),
848,23718,Bargello,297 (Eau de Parfum),
849,23646,Bargello,151 (Eau de Parfum),
850,23955,Bargello,CR07 (Eau de Parfum),
851,23871,Bargello,648 (Eau de Parfum),
852,23662,Bargello,175,
853,23808,Bargello,542 (Eau de Parfum),
854,23614,Bargello,114 (Eau de Parfum),
855,23738,Bargello,345 (Eau de Parfum),
856,23689,Bargello,227 (Eau de Parfum),
857,24017,Bargello,RETRO WOODY (Extrait de Parfum),
858,23945,Bargello,Breeze (Eau de Parfum),
859,23800,Bargello,517 (Eau de Parfum),2026
860,23745,Bargello,368 (Eau de Parfum),
861,97431,Loris,K-430 (Eau de Parfum),
862,97403,Loris,K-37 (Eau de Parfum),
863,97383,Loris,K-299 (Eau de Parfum),
864,97386,Loris,K-303 (Eau de Parfum),
865,97496,Loris,Nexus (Perfume Oil),
866,97218,Loris,E-303 (Eau de Parfum),
867,97502,Loris,Oriental Oud,
868,97448,Loris,K-452 (Eau de Parfum),
869,97452,Loris,K-456 (Eau de Parfum),
870,97121,Loris,Celestial Kiss (Perfume Oil),
871,97274,Loris,Exclusive Elegant,
872,97514,Loris,Rouge (Perfume Oil),
873,97394,Loris,K-312 (Eau de Parfum),
874,97427,Loris,K-426 (Eau de Parfum),
875,97540,Loris,U-17 (Eau de Parfum),
876,97167,Loris,E-221 (Eau de Parfum),
877,97505,Loris,Oudi,
878,97397,Loris,K-315 (Eau de Parfum),
879,97379,Loris,K-295 (Eau de Parfum),
880,97311,Loris,K-143 (Eau de Parfum),
881,97826,Loris Parfum,Wood Song,2025
882,97821,Loris Parfum,Vespera,2025
883,97819,Loris Parfum,Velvet Touch,2025
884,97817,Loris Parfum,Valory,2025
885,97823,Loris Parfum,VIP Men,2025
886,97789,Loris Parfum,Sahra (Eau de Parfum),2025
887,97787,Loris Parfum,Saffron Ambre,2025
888,97784,Loris Parfum,Rose Whisper,2025
889,97783,Loris Parfum,River Wood,2025
890,97781,Loris Parfum,Pyramid I (Eau de Parfum),2025
891,97779,Loris Parfum,Petalia,2025
892,97777,Loris Parfum,Passion Delight,2025
893,97674,Loris Parfum,Epic Oud Niche (Eau de Parfum),
894,97589,Loris Parfum,Amber Vanilla,
895,97760,Loris Parfum,Mr. Okay Businessman Elegant (Eau de Parfum),
896,97793,Loris Parfum,Tea Tree Peppermınt (Body Mist),
897,97803,Loris Parfum,U 013 Frequence (Eau de Parfum),
898,97685,Loris Parfum,Javou Midnight (Eau de Parfum),
899,97671,Loris Parfum,Earth (Eau de Parfum),
900,97644,Loris Parfum,E 258 Frequence (Eau de Parfum),
901,43298,D&P Perfumum,Valor L1,2025
902,43231,D&P Perfumum,Sol D’Oro U-X4,2025
903,43189,D&P Perfumum,Richest Joy U-M16,2025
904,43146,D&P Perfumum,Pompous U-N8,2025
905,43071,D&P Perfumum,Moonlite U-M17,2025
906,43064,D&P Perfumum,Midnight Reverie U-E6,2025
907,43044,D&P Perfumum,Madame Blanche P18,2025
908,43267,D&P Perfumum,U-M15,2024
909,43199,D&P Perfumum,Rune K-5,2024
910,42950,D&P Perfumum,Hidden Shadow B23,2023
911,42854,D&P Perfumum,Dulcet M14,2023
912,43219,D&P Perfumum,Serein B22,2022
913,42957,D&P Perfumum,Huge Navy,
914,42947,D&P Perfumum,Hedonia,
915,43327,D&P Perfumum,Zephyr,
916,42694,D&P Perfumum,Absolutely Belle,
917,43272,D&P Perfumum,U T7 (Eau de Parfum),
918,42682,D&P Perfumum,A17 (Eau de Parfum),
919,42687,D&P Perfumum,A26 (Eau de Parfum),
920,43236,D&P Perfumum,Strong Joy,
921,45137,David Walker,UNIQUE ROUGE 1987 (Eau de Parfum),1987
922,45136,David Walker,UNIQUE PURPLE 1987 (Eau de Parfum),1987
923,44935,David Walker,B78 Keuma (Eau de Parfum),
924,45085,David Walker,LBE AMELIA (Eau de Parfum),
925,44884,David Walker,B229 Solomon Island (Eau de Parfum),
926,44945,David Walker,B93 Blast (Eau de Parfum),
927,44801,David Walker,B103 Lerken (Eau de Parfum),
928,45043,David Walker,E39 Lecme (Eau de Parfum),
929,44891,David Walker,B235 Gilda (Eau de Parfum),
930,45088,David Walker,LBE ROSE MUSK (Eau de Parfum),
931,45134,David Walker,UNIQUE BLACK 1987 (Eau de Parfum),1987
932,45036,David Walker,E27 Fantastic (Eau de Parfum),
933,45054,David Walker,E63 Mamilo (Eau de Parfum),
934,45073,David Walker,E94 Sure (Eau de Parfum),
935,44924,David Walker,B61 Laurus (Eau de Parfum),
936,45050,David Walker,E52 Yesterday (Eau de Parfum),
937,44977,David Walker,E122 Black Youch (Eau de Parfum),
938,45013,David Walker,E171 Montclair (Eau de Parfum),
939,44922,David Walker,B6 Desting (Eau de Parfum),
940,45072,David Walker,E91 Harbor (Eau de Parfum),
941,92860,LC Waikiki,Fresh Mint,2026
942,93055,LC Waikiki,Renew Earth,2022
943,92994,LC Waikiki,LCW Jeans 1988,1988
944,92993,LC Waikiki,LCW Blackout,
945,93097,LC Waikiki,Stil Sahiplerine My Melody (Eau de Parfum),
946,93004,LC Waikiki,Lw Lcw Vision (Eau de Toilette),
947,92913,LC Waikiki,Işıltılı Seçimler Golden Cocoa (Eau de Parfum),
948,92835,LC Waikiki,Cocoa (Eau de Toilette),
949,92822,LC Waikiki,Blackout S5 (Eau de Parfum),
950,92894,LC Waikiki,Iceberg S6 (Eau de Parfum),
951,92907,LC Waikiki,Işıltılı Seçimler Cobalt (Eau de Parfum),
952,93130,LC Waikiki,Vanilla ml (Eau de Toilette),
953,92899,LC Waikiki,Intense Paradise (Eau de Parfum),
954,92947,LC Waikiki,Kahraman (Eau de Parfum),
955,93024,LC Waikiki,Modern & Seçkin Lush Bloom (Eau de Parfum),
956,92952,LC Waikiki,Kaliteli Parçalar Azure (Eau de Parfum),
957,92973,LC Waikiki,Kaliteli Parçalar Mavi Hızlı KirpiErkek (Eau de Parfum),
958,93086,LC Waikiki,Stil Sahiplerine Buz Kraliçesi (Eau de Parfum),
959,93152,LC Waikiki,XSIDE Tanımsız (Eau de Toilette),
960,92854,LC Waikiki,Etriel Peony Eau De (Eau de Parfum),
961,11401,Amouage,Tonka Misfah,2026
962,11382,Amouage,Suede Ibri,2026
963,11372,Amouage,Sequence,2026
964,11356,Amouage,Remain,2026
965,11340,Amouage,Overture 41 Woman,2026
966,11336,Amouage,Oud Zuhal,2026
967,11287,Amouage,Love Hibiscus,2026
968,11284,Amouage,Line 618,2026
969,11214,Amouage,Elsewhere,2026
970,11204,Amouage,Decision 42 Man,2026
971,11381,Amouage,Sindbad,2025
972,11350,Amouage,Reception,2025
973,11396,Amouage,The Library Collection Opus VIII,2014
974,11384,Amouage,Sunshine Woman,2014
975,11279,Amouage,Library Collection - Opus VIII,2014
976,11262,Amouage,Journey Woman,2014
977,11375,Amouage,Silver,1999
978,11377,Amouage,Silver Cristal Man,1998
979,11298,Amouage,Majan,
980,11357,Amouage,Rose,
981,169372,Xerjoff,Perseveranza,2026
982,169298,Xerjoff,Gibeon,2026
983,169295,Xerjoff,Fierezza,2026
984,169286,Xerjoff,Emery 2026,2026
985,169227,Xerjoff,Avanguardia,2026
986,169411,Xerjoff,Via Manzoni 20,2025
987,169404,Xerjoff,Torino25,2025
988,169377,Xerjoff,Purple Accento,2025
989,169371,Xerjoff,P.70,2025
990,169370,Xerjoff,P.33 Blank Page Edition,2025
991,169368,Xerjoff,P.18,2025
992,169367,Xerjoff,P.13,2025
993,169379,Xerjoff,Red Hoba,2014
994,169376,Xerjoff,Polo,2014
995,169373,Xerjoff,Pikovaya Dama,2014
996,169306,Xerjoff,Harrods Emerald Stars 2014,2014
997,169291,Xerjoff,Esquel Special Edition,
998,169260,Xerjoff,Coffee Break Golden Green,
999,169389,Xerjoff,Star Musk,2013
1000,169198,Xerjoff,Al-Khat,2012